cycle,stage,elapsed_seconds,ParamA,ParamEyeLOpen,ParamEyeROpen,ParamBreath,ParamEyeBallX,ParamEyeBallY,ParamAngleX,ParamAngleY,ParamAngleZ,changed_drawables_from_neutral,geometry_dirty,render_order_dirty,animation_playing,visible_masked_ids,visible_inverted_ids,screenshot
1,idle,1.4459,0,1,1,0,0,0,-0.7529715,-0.85248524,1.92416561,-1,262,0,True,ArtMesh123;ArtMesh202;ArtMesh276;ArtMesh275;ArtMesh272;ArtMesh270;ArtMesh269;ArtMesh268;ArtMesh260;ArtMesh259;ArtMesh258;ArtMesh257;ArtMesh255;ArtMesh254;ArtMesh253;ArtMesh252;ArtMesh250;ArtMesh249;ArtMesh248;ArtMesh247;ArtMesh218;ArtMesh287;ArtMesh288;ArtMesh292;ArtMesh293;ArtMesh14;ArtMesh20,ArtMesh275;ArtMesh287;ArtMesh288;ArtMesh292;ArtMesh293,behavior-00-idle.png
1,neutral,6.8288,0,1,1,0,0,0,0,0,0,0,262,0,False,ArtMesh123;ArtMesh202;ArtMesh276;ArtMesh275;ArtMesh272;ArtMesh270;ArtMesh269;ArtMesh268;ArtMesh260;ArtMesh259;ArtMesh258;ArtMesh257;ArtMesh255;ArtMesh254;ArtMesh253;ArtMesh252;ArtMesh250;ArtMesh249;ArtMesh248;ArtMesh247;ArtMesh218;ArtMesh287;ArtMesh288;ArtMesh292;ArtMesh293;ArtMesh14;ArtMesh20,ArtMesh275;ArtMesh287;ArtMesh288;ArtMesh292;ArtMesh293,behavior-01-neutral.png
1,mouth-open,8.8281,1,1,1,0,0,0,0,0,0,13,262,0,False,ArtMesh123;ArtMesh202;ArtMesh276;ArtMesh275;ArtMesh272;ArtMesh270;ArtMesh269;ArtMesh268;ArtMesh260;ArtMesh259;ArtMesh258;ArtMesh257;ArtMesh255;ArtMesh254;ArtMesh253;ArtMesh252;ArtMesh250;ArtMesh249;ArtMesh248;ArtMesh247;ArtMesh218;ArtMesh287;ArtMesh288;ArtMesh292;ArtMesh293;ArtMesh14;ArtMesh20,ArtMesh275;ArtMesh287;ArtMesh288;ArtMesh292;ArtMesh293,behavior-02-mouth-open.png
1,mouth-closed,10.8283,0,1,1,0,0,0,0,0,0,0,262,0,False,ArtMesh123;ArtMesh202;ArtMesh276;ArtMesh275;ArtMesh272;ArtMesh270;ArtMesh269;ArtMesh268;ArtMesh260;ArtMesh259;ArtMesh258;ArtMesh257;ArtMesh255;ArtMesh254;ArtMesh253;ArtMesh252;ArtMesh250;ArtMesh249;ArtMesh248;ArtMesh247;ArtMesh218;ArtMesh287;ArtMesh288;ArtMesh292;ArtMesh293;ArtMesh14;ArtMesh20,ArtMesh275;ArtMesh287;ArtMesh288;ArtMesh292;ArtMesh293,behavior-03-mouth-closed.png
1,left-eye-closed,12.8280,0,0,1,0,0,0,0,0,0,13,262,0,False,ArtMesh123;ArtMesh202;ArtMesh276;ArtMesh275;ArtMesh272;ArtMesh270;ArtMesh269;ArtMesh268;ArtMesh260;ArtMesh259;ArtMesh258;ArtMesh257;ArtMesh255;ArtMesh254;ArtMesh253;ArtMesh252;ArtMesh250;ArtMesh249;ArtMesh248;ArtMesh247;ArtMesh218;ArtMesh287;ArtMesh288;ArtMesh292;ArtMesh293;ArtMesh14;ArtMesh20,ArtMesh275;ArtMesh287;ArtMesh288;ArtMesh292;ArtMesh293,behavior-04-left-eye-closed.png
1,right-eye-closed,14.8279,0,1,0,0,0,0,0,0,0,13,262,0,False,ArtMesh123;ArtMesh202;ArtMesh276;ArtMesh275;ArtMesh272;ArtMesh270;ArtMesh269;ArtMesh268;ArtMesh260;ArtMesh259;ArtMesh258;ArtMesh257;ArtMesh255;ArtMesh254;ArtMesh253;ArtMesh252;ArtMesh250;ArtMesh249;ArtMesh248;ArtMesh247;ArtMesh218;ArtMesh287;ArtMesh288;ArtMesh292;ArtMesh293;ArtMesh14;ArtMesh20,ArtMesh275;ArtMesh287;ArtMesh288;ArtMesh292;ArtMesh293,behavior-05-right-eye-closed.png
1,both-eyes-closed,16.8282,0,0,0,0,0,0,0,0,0,26,262,0,False,ArtMesh123;ArtMesh202;ArtMesh276;ArtMesh275;ArtMesh272;ArtMesh270;ArtMesh269;ArtMesh268;ArtMesh260;ArtMesh259;ArtMesh258;ArtMesh257;ArtMesh255;ArtMesh254;ArtMesh253;ArtMesh252;ArtMesh250;ArtMesh249;ArtMesh248;ArtMesh247;ArtMesh218;ArtMesh287;ArtMesh288;ArtMesh292;ArtMesh293;ArtMesh14;ArtMesh20,ArtMesh275;ArtMesh287;ArtMesh288;ArtMesh292;ArtMesh293,behavior-06-both-eyes-closed.png
1,eyes-open,18.8278,0,1,1,0,0,0,0,0,0,0,262,0,False,ArtMesh123;ArtMesh202;ArtMesh276;ArtMesh275;ArtMesh272;ArtMesh270;ArtMesh269;ArtMesh268;ArtMesh260;ArtMesh259;ArtMesh258;ArtMesh257;ArtMesh255;ArtMesh254;ArtMesh253;ArtMesh252;ArtMesh250;ArtMesh249;ArtMesh248;ArtMesh247;ArtMesh218;ArtMesh287;ArtMesh288;ArtMesh292;ArtMesh293;ArtMesh14;ArtMesh20,ArtMesh275;ArtMesh287;ArtMesh288;ArtMesh292;ArtMesh293,behavior-07-eyes-open.png
1,breath-low,20.8112,0,1,1,0,0,0,0,0,0,0,262,0,False,ArtMesh123;ArtMesh202;ArtMesh276;ArtMesh275;ArtMesh272;ArtMesh270;ArtMesh269;ArtMesh268;ArtMesh260;ArtMesh259;ArtMesh258;ArtMesh257;ArtMesh255;ArtMesh254;ArtMesh253;ArtMesh252;ArtMesh250;ArtMesh249;ArtMesh248;ArtMesh247;ArtMesh218;ArtMesh287;ArtMesh288;ArtMesh292;ArtMesh293;ArtMesh14;ArtMesh20,ArtMesh275;ArtMesh287;ArtMesh288;ArtMesh292;ArtMesh293,behavior-08-breath-low.png
1,breath-high,22.8274,0,1,1,1,0,0,0,0,0,156,262,0,False,ArtMesh123;ArtMesh202;ArtMesh276;ArtMesh275;ArtMesh272;ArtMesh270;ArtMesh269;ArtMesh268;ArtMesh260;ArtMesh259;ArtMesh258;ArtMesh257;ArtMesh255;ArtMesh254;ArtMesh253;ArtMesh252;ArtMesh250;ArtMesh249;ArtMesh248;ArtMesh247;ArtMesh218;ArtMesh287;ArtMesh288;ArtMesh292;ArtMesh293;ArtMesh14;ArtMesh20,ArtMesh275;ArtMesh287;ArtMesh288;ArtMesh292;ArtMesh293,behavior-09-breath-high.png
1,breath-wave,24.8278,0,1,1,0.7799853,0,0,0,0,0,156,262,0,False,ArtMesh123;ArtMesh202;ArtMesh276;ArtMesh275;ArtMesh272;ArtMesh270;ArtMesh269;ArtMesh268;ArtMesh260;ArtMesh259;ArtMesh258;ArtMesh257;ArtMesh255;ArtMesh254;ArtMesh253;ArtMesh252;ArtMesh250;ArtMesh249;ArtMesh248;ArtMesh247;ArtMesh218;ArtMesh287;ArtMesh288;ArtMesh292;ArtMesh293;ArtMesh14;ArtMesh20,ArtMesh275;ArtMesh287;ArtMesh288;ArtMesh292;ArtMesh293,behavior-10-breath-wave.png
1,look-left,26.8279,0,1,1,0,-0.8,0,-15,0,0,93,262,0,False,ArtMesh123;ArtMesh202;ArtMesh276;ArtMesh275;ArtMesh272;ArtMesh270;ArtMesh269;ArtMesh268;ArtMesh260;ArtMesh259;ArtMesh258;ArtMesh257;ArtMesh255;ArtMesh254;ArtMesh253;ArtMesh252;ArtMesh250;ArtMesh249;ArtMesh248;ArtMesh247;ArtMesh218;ArtMesh287;ArtMesh288;ArtMesh292;ArtMesh293;ArtMesh14;ArtMesh20,ArtMesh275;ArtMesh287;ArtMesh288;ArtMesh292;ArtMesh293,behavior-11-look-left.png
1,look-right,28.8277,0,1,1,0,0.8,0,15,0,0,93,262,0,False,ArtMesh123;ArtMesh202;ArtMesh276;ArtMesh275;ArtMesh272;ArtMesh270;ArtMesh269;ArtMesh268;ArtMesh260;ArtMesh259;ArtMesh258;ArtMesh257;ArtMesh255;ArtMesh254;ArtMesh253;ArtMesh252;ArtMesh250;ArtMesh249;ArtMesh248;ArtMesh247;ArtMesh218;ArtMesh287;ArtMesh288;ArtMesh292;ArtMesh293;ArtMesh14;ArtMesh20,ArtMesh275;ArtMesh287;ArtMesh288;ArtMesh292;ArtMesh293,behavior-12-look-right.png
1,look-up,30.8269,0,1,1,0,0,0.8,0,15,0,93,262,0,False,ArtMesh123;ArtMesh202;ArtMesh276;ArtMesh275;ArtMesh272;ArtMesh270;ArtMesh269;ArtMesh268;ArtMesh260;ArtMesh259;ArtMesh258;ArtMesh257;ArtMesh255;ArtMesh254;ArtMesh253;ArtMesh252;ArtMesh250;ArtMesh249;ArtMesh248;ArtMesh247;ArtMesh218;ArtMesh287;ArtMesh288;ArtMesh292;ArtMesh293;ArtMesh14;ArtMesh20,ArtMesh275;ArtMesh287;ArtMesh288;ArtMesh292;ArtMesh293,behavior-13-look-up.png
1,look-down,32.8277,0,1,1,0,0,-0.8,0,-15,0,93,262,0,False,ArtMesh123;ArtMesh202;ArtMesh276;ArtMesh275;ArtMesh272;ArtMesh270;ArtMesh269;ArtMesh268;ArtMesh260;ArtMesh259;ArtMesh258;ArtMesh257;ArtMesh255;ArtMesh254;ArtMesh253;ArtMesh252;ArtMesh250;ArtMesh249;ArtMesh248;ArtMesh247;ArtMesh218;ArtMesh287;ArtMesh288;ArtMesh292;ArtMesh293;ArtMesh14;ArtMesh20,ArtMesh275;ArtMesh287;ArtMesh288;ArtMesh292;ArtMesh293,behavior-14-look-down.png
1,look-center,34.8289,0,1,1,0,0,0,0,0,0,0,262,0,False,ArtMesh123;ArtMesh202;ArtMesh276;ArtMesh275;ArtMesh272;ArtMesh270;ArtMesh269;ArtMesh268;ArtMesh260;ArtMesh259;ArtMesh258;ArtMesh257;ArtMesh255;ArtMesh254;ArtMesh253;ArtMesh252;ArtMesh250;ArtMesh249;ArtMesh248;ArtMesh247;ArtMesh218;ArtMesh287;ArtMesh288;ArtMesh292;ArtMesh293;ArtMesh14;ArtMesh20,ArtMesh275;ArtMesh287;ArtMesh288;ArtMesh292;ArtMesh293,behavior-15-look-center.png
1,greeting-tapbody-0,37.5102,0,0,0,0,0,0,0,-18.3489323,0,163,262,0,True,ArtMesh123;ArtMesh202;ArtMesh276;ArtMesh275;ArtMesh272;ArtMesh270;ArtMesh269;ArtMesh268;ArtMesh260;ArtMesh259;ArtMesh258;ArtMesh257;ArtMesh255;ArtMesh254;ArtMesh253;ArtMesh252;ArtMesh250;ArtMesh249;ArtMesh248;ArtMesh247;ArtMesh218;ArtMesh287;ArtMesh288;ArtMesh292;ArtMesh293;ArtMesh14;ArtMesh20,ArtMesh275;ArtMesh287;ArtMesh288;ArtMesh292;ArtMesh293,behavior-16-greeting-tapbody-0.png
1,mask-stress-special-01,45.5103,0,1,1,0,-0.2,0.2,-24.4749641,14.868206,-9.105685,190,262,0,True,ArtMesh160;ArtMesh123;ArtMesh202;ArtMesh276;ArtMesh275;ArtMesh272;ArtMesh270;ArtMesh269;ArtMesh268;ArtMesh260;ArtMesh259;ArtMesh258;ArtMesh257;ArtMesh255;ArtMesh254;ArtMesh253;ArtMesh252;ArtMesh250;ArtMesh249;ArtMesh248;ArtMesh247;ArtMesh218;ArtMesh190;ArtMesh189;ArtMesh287;ArtMesh288;ArtMesh292;ArtMesh293;ArtMesh14;ArtMesh20,ArtMesh160;ArtMesh275;ArtMesh190;ArtMesh189;ArtMesh287;ArtMesh288;ArtMesh292;ArtMesh293,behavior-17-mask-stress-special-01.png
1,return-idle,52.8264,0,1,1,0,0,0,-0.7167776,-0.808936059,1.84574807,163,262,0,True,ArtMesh123;ArtMesh202;ArtMesh276;ArtMesh275;ArtMesh272;ArtMesh270;ArtMesh269;ArtMesh268;ArtMesh260;ArtMesh259;ArtMesh258;ArtMesh257;ArtMesh255;ArtMesh254;ArtMesh253;ArtMesh252;ArtMesh250;ArtMesh249;ArtMesh248;ArtMesh247;ArtMesh218;ArtMesh287;ArtMesh288;ArtMesh292;ArtMesh293;ArtMesh14;ArtMesh20,ArtMesh275;ArtMesh287;ArtMesh288;ArtMesh292;ArtMesh293,behavior-18-return-idle.png
2,idle,60.8258,0,1,1,0,0,0,-0.7183499,-0.8108217,1.84916651,163,262,0,True,ArtMesh123;ArtMesh202;ArtMesh276;ArtMesh275;ArtMesh272;ArtMesh270;ArtMesh269;ArtMesh268;ArtMesh260;ArtMesh259;ArtMesh258;ArtMesh257;ArtMesh255;ArtMesh254;ArtMesh253;ArtMesh252;ArtMesh250;ArtMesh249;ArtMesh248;ArtMesh247;ArtMesh218;ArtMesh287;ArtMesh288;ArtMesh292;ArtMesh293;ArtMesh14;ArtMesh20,ArtMesh275;ArtMesh287;ArtMesh288;ArtMesh292;ArtMesh293,
2,neutral,66.8098,0,1,1,0,0,0,0,0,0,0,262,0,False,ArtMesh123;ArtMesh202;ArtMesh276;ArtMesh275;ArtMesh272;ArtMesh270;ArtMesh269;ArtMesh268;ArtMesh260;ArtMesh259;ArtMesh258;ArtMesh257;ArtMesh255;ArtMesh254;ArtMesh253;ArtMesh252;ArtMesh250;ArtMesh249;ArtMesh248;ArtMesh247;ArtMesh218;ArtMesh287;ArtMesh288;ArtMesh292;ArtMesh293;ArtMesh14;ArtMesh20,ArtMesh275;ArtMesh287;ArtMesh288;ArtMesh292;ArtMesh293,
2,mouth-open,68.8252,1,1,1,0,0,0,0,0,0,13,262,0,False,ArtMesh123;ArtMesh202;ArtMesh276;ArtMesh275;ArtMesh272;ArtMesh270;ArtMesh269;ArtMesh268;ArtMesh260;ArtMesh259;ArtMesh258;ArtMesh257;ArtMesh255;ArtMesh254;ArtMesh253;ArtMesh252;ArtMesh250;ArtMesh249;ArtMesh248;ArtMesh247;ArtMesh218;ArtMesh287;ArtMesh288;ArtMesh292;ArtMesh293;ArtMesh14;ArtMesh20,ArtMesh275;ArtMesh287;ArtMesh288;ArtMesh292;ArtMesh293,
2,mouth-closed,70.8090,0,1,1,0,0,0,0,0,0,0,262,0,False,ArtMesh123;ArtMesh202;ArtMesh276;ArtMesh275;ArtMesh272;ArtMesh270;ArtMesh269;ArtMesh268;ArtMesh260;ArtMesh259;ArtMesh258;ArtMesh257;ArtMesh255;ArtMesh254;ArtMesh253;ArtMesh252;ArtMesh250;ArtMesh249;ArtMesh248;ArtMesh247;ArtMesh218;ArtMesh287;ArtMesh288;ArtMesh292;ArtMesh293;ArtMesh14;ArtMesh20,ArtMesh275;ArtMesh287;ArtMesh288;ArtMesh292;ArtMesh293,
2,left-eye-closed,72.8086,0,0,1,0,0,0,0,0,0,13,262,0,False,ArtMesh123;ArtMesh202;ArtMesh276;ArtMesh275;ArtMesh272;ArtMesh270;ArtMesh269;ArtMesh268;ArtMesh260;ArtMesh259;ArtMesh258;ArtMesh257;ArtMesh255;ArtMesh254;ArtMesh253;ArtMesh252;ArtMesh250;ArtMesh249;ArtMesh248;ArtMesh247;ArtMesh218;ArtMesh287;ArtMesh288;ArtMesh292;ArtMesh293;ArtMesh14;ArtMesh20,ArtMesh275;ArtMesh287;ArtMesh288;ArtMesh292;ArtMesh293,
2,right-eye-closed,74.8254,0,1,0,0,0,0,0,0,0,13,262,0,False,ArtMesh123;ArtMesh202;ArtMesh276;ArtMesh275;ArtMesh272;ArtMesh270;ArtMesh269;ArtMesh268;ArtMesh260;ArtMesh259;ArtMesh258;ArtMesh257;ArtMesh255;ArtMesh254;ArtMesh253;ArtMesh252;ArtMesh250;ArtMesh249;ArtMesh248;ArtMesh247;ArtMesh218;ArtMesh287;ArtMesh288;ArtMesh292;ArtMesh293;ArtMesh14;ArtMesh20,ArtMesh275;ArtMesh287;ArtMesh288;ArtMesh292;ArtMesh293,
2,both-eyes-closed,76.8088,0,0,0,0,0,0,0,0,0,26,262,0,False,ArtMesh123;ArtMesh202;ArtMesh276;ArtMesh275;ArtMesh272;ArtMesh270;ArtMesh269;ArtMesh268;ArtMesh260;ArtMesh259;ArtMesh258;ArtMesh257;ArtMesh255;ArtMesh254;ArtMesh253;ArtMesh252;ArtMesh250;ArtMesh249;ArtMesh248;ArtMesh247;ArtMesh218;ArtMesh287;ArtMesh288;ArtMesh292;ArtMesh293;ArtMesh14;ArtMesh20,ArtMesh275;ArtMesh287;ArtMesh288;ArtMesh292;ArtMesh293,
2,eyes-open,78.8250,0,1,1,0,0,0,0,0,0,0,262,0,False,ArtMesh123;ArtMesh202;ArtMesh276;ArtMesh275;ArtMesh272;ArtMesh270;ArtMesh269;ArtMesh268;ArtMesh260;ArtMesh259;ArtMesh258;ArtMesh257;ArtMesh255;ArtMesh254;ArtMesh253;ArtMesh252;ArtMesh250;ArtMesh249;ArtMesh248;ArtMesh247;ArtMesh218;ArtMesh287;ArtMesh288;ArtMesh292;ArtMesh293;ArtMesh14;ArtMesh20,ArtMesh275;ArtMesh287;ArtMesh288;ArtMesh292;ArtMesh293,
2,breath-low,80.8248,0,1,1,0,0,0,0,0,0,0,262,0,False,ArtMesh123;ArtMesh202;ArtMesh276;ArtMesh275;ArtMesh272;ArtMesh270;ArtMesh269;ArtMesh268;ArtMesh260;ArtMesh259;ArtMesh258;ArtMesh257;ArtMesh255;ArtMesh254;ArtMesh253;ArtMesh252;ArtMesh250;ArtMesh249;ArtMesh248;ArtMesh247;ArtMesh218;ArtMesh287;ArtMesh288;ArtMesh292;ArtMesh293;ArtMesh14;ArtMesh20,ArtMesh275;ArtMesh287;ArtMesh288;ArtMesh292;ArtMesh293,
2,breath-high,82.8080,0,1,1,1,0,0,0,0,0,156,262,0,False,ArtMesh123;ArtMesh202;ArtMesh276;ArtMesh275;ArtMesh272;ArtMesh270;ArtMesh269;ArtMesh268;ArtMesh260;ArtMesh259;ArtMesh258;ArtMesh257;ArtMesh255;ArtMesh254;ArtMesh253;ArtMesh252;ArtMesh250;ArtMesh249;ArtMesh248;ArtMesh247;ArtMesh218;ArtMesh287;ArtMesh288;ArtMesh292;ArtMesh293;ArtMesh14;ArtMesh20,ArtMesh275;ArtMesh287;ArtMesh288;ArtMesh292;ArtMesh293,
2,breath-wave,84.8249,0,1,1,0.7837248,0,0,0,0,0,156,262,0,False,ArtMesh123;ArtMesh202;ArtMesh276;ArtMesh275;ArtMesh272;ArtMesh270;ArtMesh269;ArtMesh268;ArtMesh260;ArtMesh259;ArtMesh258;ArtMesh257;ArtMesh255;ArtMesh254;ArtMesh253;ArtMesh252;ArtMesh250;ArtMesh249;ArtMesh248;ArtMesh247;ArtMesh218;ArtMesh287;ArtMesh288;ArtMesh292;ArtMesh293;ArtMesh14;ArtMesh20,ArtMesh275;ArtMesh287;ArtMesh288;ArtMesh292;ArtMesh293,
2,look-left,86.8242,0,1,1,0,-0.8,0,-15,0,0,93,262,0,False,ArtMesh123;ArtMesh202;ArtMesh276;ArtMesh275;ArtMesh272;ArtMesh270;ArtMesh269;ArtMesh268;ArtMesh260;ArtMesh259;ArtMesh258;ArtMesh257;ArtMesh255;ArtMesh254;ArtMesh253;ArtMesh252;ArtMesh250;ArtMesh249;ArtMesh248;ArtMesh247;ArtMesh218;ArtMesh287;ArtMesh288;ArtMesh292;ArtMesh293;ArtMesh14;ArtMesh20,ArtMesh275;ArtMesh287;ArtMesh288;ArtMesh292;ArtMesh293,
2,look-right,88.8244,0,1,1,0,0.8,0,15,0,0,93,262,0,False,ArtMesh123;ArtMesh202;ArtMesh276;ArtMesh275;ArtMesh272;ArtMesh270;ArtMesh269;ArtMesh268;ArtMesh260;ArtMesh259;ArtMesh258;ArtMesh257;ArtMesh255;ArtMesh254;ArtMesh253;ArtMesh252;ArtMesh250;ArtMesh249;ArtMesh248;ArtMesh247;ArtMesh218;ArtMesh287;ArtMesh288;ArtMesh292;ArtMesh293;ArtMesh14;ArtMesh20,ArtMesh275;ArtMesh287;ArtMesh288;ArtMesh292;ArtMesh293,
2,look-up,90.8079,0,1,1,0,0,0.8,0,15,0,93,262,0,False,ArtMesh123;ArtMesh202;ArtMesh276;ArtMesh275;ArtMesh272;ArtMesh270;ArtMesh269;ArtMesh268;ArtMesh260;ArtMesh259;ArtMesh258;ArtMesh257;ArtMesh255;ArtMesh254;ArtMesh253;ArtMesh252;ArtMesh250;ArtMesh249;ArtMesh248;ArtMesh247;ArtMesh218;ArtMesh287;ArtMesh288;ArtMesh292;ArtMesh293;ArtMesh14;ArtMesh20,ArtMesh275;ArtMesh287;ArtMesh288;ArtMesh292;ArtMesh293,
2,look-down,92.8242,0,1,1,0,0,-0.8,0,-15,0,93,262,0,False,ArtMesh123;ArtMesh202;ArtMesh276;ArtMesh275;ArtMesh272;ArtMesh270;ArtMesh269;ArtMesh268;ArtMesh260;ArtMesh259;ArtMesh258;ArtMesh257;ArtMesh255;ArtMesh254;ArtMesh253;ArtMesh252;ArtMesh250;ArtMesh249;ArtMesh248;ArtMesh247;ArtMesh218;ArtMesh287;ArtMesh288;ArtMesh292;ArtMesh293;ArtMesh14;ArtMesh20,ArtMesh275;ArtMesh287;ArtMesh288;ArtMesh292;ArtMesh293,
2,look-center,94.8249,0,1,1,0,0,0,0,0,0,0,262,0,False,ArtMesh123;ArtMesh202;ArtMesh276;ArtMesh275;ArtMesh272;ArtMesh270;ArtMesh269;ArtMesh268;ArtMesh260;ArtMesh259;ArtMesh258;ArtMesh257;ArtMesh255;ArtMesh254;ArtMesh253;ArtMesh252;ArtMesh250;ArtMesh249;ArtMesh248;ArtMesh247;ArtMesh218;ArtMesh287;ArtMesh288;ArtMesh292;ArtMesh293;ArtMesh14;ArtMesh20,ArtMesh275;ArtMesh287;ArtMesh288;ArtMesh292;ArtMesh293,
2,greeting-tapbody-0,97.5237,0,0,0,0,0,0,0,-18.707777,0,163,262,0,True,ArtMesh123;ArtMesh202;ArtMesh276;ArtMesh275;ArtMesh272;ArtMesh270;ArtMesh269;ArtMesh268;ArtMesh260;ArtMesh259;ArtMesh258;ArtMesh257;ArtMesh255;ArtMesh254;ArtMesh253;ArtMesh252;ArtMesh250;ArtMesh249;ArtMesh248;ArtMesh247;ArtMesh218;ArtMesh287;ArtMesh288;ArtMesh292;ArtMesh293;ArtMesh14;ArtMesh20,ArtMesh275;ArtMesh287;ArtMesh288;ArtMesh292;ArtMesh293,
2,mask-stress-special-01,105.5077,0,1,1,0,-0.2,0.2,-24.4750786,14.8677673,-9.10602,190,262,0,True,ArtMesh160;ArtMesh123;ArtMesh202;ArtMesh276;ArtMesh275;ArtMesh272;ArtMesh270;ArtMesh269;ArtMesh268;ArtMesh260;ArtMesh259;ArtMesh258;ArtMesh257;ArtMesh255;ArtMesh254;ArtMesh253;ArtMesh252;ArtMesh250;ArtMesh249;ArtMesh248;ArtMesh247;ArtMesh218;ArtMesh190;ArtMesh189;ArtMesh287;ArtMesh288;ArtMesh292;ArtMesh293;ArtMesh14;ArtMesh20,ArtMesh160;ArtMesh275;ArtMesh190;ArtMesh189;ArtMesh287;ArtMesh288;ArtMesh292;ArtMesh293,
2,return-idle,112.8230,0,1,1,0,0,0,-0.7183116,-0.810775757,1.849083,163,262,0,True,ArtMesh123;ArtMesh202;ArtMesh276;ArtMesh275;ArtMesh272;ArtMesh270;ArtMesh269;ArtMesh268;ArtMesh260;ArtMesh259;ArtMesh258;ArtMesh257;ArtMesh255;ArtMesh254;ArtMesh253;ArtMesh252;ArtMesh250;ArtMesh249;ArtMesh248;ArtMesh247;ArtMesh218;ArtMesh287;ArtMesh288;ArtMesh292;ArtMesh293;ArtMesh14;ArtMesh20,ArtMesh275;ArtMesh287;ArtMesh288;ArtMesh292;ArtMesh293,
3,idle,120.8230,0,1,1,0,0,0,-0.7183486,-0.8108202,1.84916377,163,262,0,True,ArtMesh123;ArtMesh202;ArtMesh276;ArtMesh275;ArtMesh272;ArtMesh270;ArtMesh269;ArtMesh268;ArtMesh260;ArtMesh259;ArtMesh258;ArtMesh257;ArtMesh255;ArtMesh254;ArtMesh253;ArtMesh252;ArtMesh250;ArtMesh249;ArtMesh248;ArtMesh247;ArtMesh218;ArtMesh287;ArtMesh288;ArtMesh292;ArtMesh293;ArtMesh14;ArtMesh20,ArtMesh275;ArtMesh287;ArtMesh288;ArtMesh292;ArtMesh293,
3,neutral,126.8228,0,1,1,0,0,0,0,0,0,0,262,0,False,ArtMesh123;ArtMesh202;ArtMesh276;ArtMesh275;ArtMesh272;ArtMesh270;ArtMesh269;ArtMesh268;ArtMesh260;ArtMesh259;ArtMesh258;ArtMesh257;ArtMesh255;ArtMesh254;ArtMesh253;ArtMesh252;ArtMesh250;ArtMesh249;ArtMesh248;ArtMesh247;ArtMesh218;ArtMesh287;ArtMesh288;ArtMesh292;ArtMesh293;ArtMesh14;ArtMesh20,ArtMesh275;ArtMesh287;ArtMesh288;ArtMesh292;ArtMesh293,
3,mouth-open,128.8226,1,1,1,0,0,0,0,0,0,13,262,0,False,ArtMesh123;ArtMesh202;ArtMesh276;ArtMesh275;ArtMesh272;ArtMesh270;ArtMesh269;ArtMesh268;ArtMesh260;ArtMesh259;ArtMesh258;ArtMesh257;ArtMesh255;ArtMesh254;ArtMesh253;ArtMesh252;ArtMesh250;ArtMesh249;ArtMesh248;ArtMesh247;ArtMesh218;ArtMesh287;ArtMesh288;ArtMesh292;ArtMesh293;ArtMesh14;ArtMesh20,ArtMesh275;ArtMesh287;ArtMesh288;ArtMesh292;ArtMesh293,
3,mouth-closed,130.8227,0,1,1,0,0,0,0,0,0,0,262,0,False,ArtMesh123;ArtMesh202;ArtMesh276;ArtMesh275;ArtMesh272;ArtMesh270;ArtMesh269;ArtMesh268;ArtMesh260;ArtMesh259;ArtMesh258;ArtMesh257;ArtMesh255;ArtMesh254;ArtMesh253;ArtMesh252;ArtMesh250;ArtMesh249;ArtMesh248;ArtMesh247;ArtMesh218;ArtMesh287;ArtMesh288;ArtMesh292;ArtMesh293;ArtMesh14;ArtMesh20,ArtMesh275;ArtMesh287;ArtMesh288;ArtMesh292;ArtMesh293,
3,left-eye-closed,132.8222,0,0,1,0,0,0,0,0,0,13,262,0,False,ArtMesh123;ArtMesh202;ArtMesh276;ArtMesh275;ArtMesh272;ArtMesh270;ArtMesh269;ArtMesh268;ArtMesh260;ArtMesh259;ArtMesh258;ArtMesh257;ArtMesh255;ArtMesh254;ArtMesh253;ArtMesh252;ArtMesh250;ArtMesh249;ArtMesh248;ArtMesh247;ArtMesh218;ArtMesh287;ArtMesh288;ArtMesh292;ArtMesh293;ArtMesh14;ArtMesh20,ArtMesh275;ArtMesh287;ArtMesh288;ArtMesh292;ArtMesh293,
3,right-eye-closed,134.8061,0,1,0,0,0,0,0,0,0,13,262,0,False,ArtMesh123;ArtMesh202;ArtMesh276;ArtMesh275;ArtMesh272;ArtMesh270;ArtMesh269;ArtMesh268;ArtMesh260;ArtMesh259;ArtMesh258;ArtMesh257;ArtMesh255;ArtMesh254;ArtMesh253;ArtMesh252;ArtMesh250;ArtMesh249;ArtMesh248;ArtMesh247;ArtMesh218;ArtMesh287;ArtMesh288;ArtMesh292;ArtMesh293;ArtMesh14;ArtMesh20,ArtMesh275;ArtMesh287;ArtMesh288;ArtMesh292;ArtMesh293,
3,both-eyes-closed,136.8218,0,0,0,0,0,0,0,0,0,26,262,0,False,ArtMesh123;ArtMesh202;ArtMesh276;ArtMesh275;ArtMesh272;ArtMesh270;ArtMesh269;ArtMesh268;ArtMesh260;ArtMesh259;ArtMesh258;ArtMesh257;ArtMesh255;ArtMesh254;ArtMesh253;ArtMesh252;ArtMesh250;ArtMesh249;ArtMesh248;ArtMesh247;ArtMesh218;ArtMesh287;ArtMesh288;ArtMesh292;ArtMesh293;ArtMesh14;ArtMesh20,ArtMesh275;ArtMesh287;ArtMesh288;ArtMesh292;ArtMesh293,
3,eyes-open,138.8220,0,1,1,0,0,0,0,0,0,0,262,0,False,ArtMesh123;ArtMesh202;ArtMesh276;ArtMesh275;ArtMesh272;ArtMesh270;ArtMesh269;ArtMesh268;ArtMesh260;ArtMesh259;ArtMesh258;ArtMesh257;ArtMesh255;ArtMesh254;ArtMesh253;ArtMesh252;ArtMesh250;ArtMesh249;ArtMesh248;ArtMesh247;ArtMesh218;ArtMesh287;ArtMesh288;ArtMesh292;ArtMesh293;ArtMesh14;ArtMesh20,ArtMesh275;ArtMesh287;ArtMesh288;ArtMesh292;ArtMesh293,
3,breath-low,140.8219,0,1,1,0,0,0,0,0,0,0,262,0,False,ArtMesh123;ArtMesh202;ArtMesh276;ArtMesh275;ArtMesh272;ArtMesh270;ArtMesh269;ArtMesh268;ArtMesh260;ArtMesh259;ArtMesh258;ArtMesh257;ArtMesh255;ArtMesh254;ArtMesh253;ArtMesh252;ArtMesh250;ArtMesh249;ArtMesh248;ArtMesh247;ArtMesh218;ArtMesh287;ArtMesh288;ArtMesh292;ArtMesh293;ArtMesh14;ArtMesh20,ArtMesh275;ArtMesh287;ArtMesh288;ArtMesh292;ArtMesh293,
3,breath-high,142.8216,0,1,1,1,0,0,0,0,0,156,262,0,False,ArtMesh123;ArtMesh202;ArtMesh276;ArtMesh275;ArtMesh272;ArtMesh270;ArtMesh269;ArtMesh268;ArtMesh260;ArtMesh259;ArtMesh258;ArtMesh257;ArtMesh255;ArtMesh254;ArtMesh253;ArtMesh252;ArtMesh250;ArtMesh249;ArtMesh248;ArtMesh247;ArtMesh218;ArtMesh287;ArtMesh288;ArtMesh292;ArtMesh293;ArtMesh14;ArtMesh20,ArtMesh275;ArtMesh287;ArtMesh288;ArtMesh292;ArtMesh293,
3,breath-wave,144.8056,0,1,1,0.807952762,0,0,0,0,0,156,262,0,False,ArtMesh123;ArtMesh202;ArtMesh276;ArtMesh275;ArtMesh272;ArtMesh270;ArtMesh269;ArtMesh268;ArtMesh260;ArtMesh259;ArtMesh258;ArtMesh257;ArtMesh255;ArtMesh254;ArtMesh253;ArtMesh252;ArtMesh250;ArtMesh249;ArtMesh248;ArtMesh247;ArtMesh218;ArtMesh287;ArtMesh288;ArtMesh292;ArtMesh293;ArtMesh14;ArtMesh20,ArtMesh275;ArtMesh287;ArtMesh288;ArtMesh292;ArtMesh293,
3,look-left,146.8057,0,1,1,0,-0.8,0,-15,0,0,93,262,0,False,ArtMesh123;ArtMesh202;ArtMesh276;ArtMesh275;ArtMesh272;ArtMesh270;ArtMesh269;ArtMesh268;ArtMesh260;ArtMesh259;ArtMesh258;ArtMesh257;ArtMesh255;ArtMesh254;ArtMesh253;ArtMesh252;ArtMesh250;ArtMesh249;ArtMesh248;ArtMesh247;ArtMesh218;ArtMesh287;ArtMesh288;ArtMesh292;ArtMesh293;ArtMesh14;ArtMesh20,ArtMesh275;ArtMesh287;ArtMesh288;ArtMesh292;ArtMesh293,
3,look-right,148.8217,0,1,1,0,0.8,0,15,0,0,93,262,0,False,ArtMesh123;ArtMesh202;ArtMesh276;ArtMesh275;ArtMesh272;ArtMesh270;ArtMesh269;ArtMesh268;ArtMesh260;ArtMesh259;ArtMesh258;ArtMesh257;ArtMesh255;ArtMesh254;ArtMesh253;ArtMesh252;ArtMesh250;ArtMesh249;ArtMesh248;ArtMesh247;ArtMesh218;ArtMesh287;ArtMesh288;ArtMesh292;ArtMesh293;ArtMesh14;ArtMesh20,ArtMesh275;ArtMesh287;ArtMesh288;ArtMesh292;ArtMesh293,
3,look-up,150.8214,0,1,1,0,0,0.8,0,15,0,93,262,0,False,ArtMesh123;ArtMesh202;ArtMesh276;ArtMesh275;ArtMesh272;ArtMesh270;ArtMesh269;ArtMesh268;ArtMesh260;ArtMesh259;ArtMesh258;ArtMesh257;ArtMesh255;ArtMesh254;ArtMesh253;ArtMesh252;ArtMesh250;ArtMesh249;ArtMesh248;ArtMesh247;ArtMesh218;ArtMesh287;ArtMesh288;ArtMesh292;ArtMesh293;ArtMesh14;ArtMesh20,ArtMesh275;ArtMesh287;ArtMesh288;ArtMesh292;ArtMesh293,
3,look-down,152.8210,0,1,1,0,0,-0.8,0,-15,0,93,262,0,False,ArtMesh123;ArtMesh202;ArtMesh276;ArtMesh275;ArtMesh272;ArtMesh270;ArtMesh269;ArtMesh268;ArtMesh260;ArtMesh259;ArtMesh258;ArtMesh257;ArtMesh255;ArtMesh254;ArtMesh253;ArtMesh252;ArtMesh250;ArtMesh249;ArtMesh248;ArtMesh247;ArtMesh218;ArtMesh287;ArtMesh288;ArtMesh292;ArtMesh293;ArtMesh14;ArtMesh20,ArtMesh275;ArtMesh287;ArtMesh288;ArtMesh292;ArtMesh293,
3,look-center,154.8212,0,1,1,0,0,0,0,0,0,0,262,0,False,ArtMesh123;ArtMesh202;ArtMesh276;ArtMesh275;ArtMesh272;ArtMesh270;ArtMesh269;ArtMesh268;ArtMesh260;ArtMesh259;ArtMesh258;ArtMesh257;ArtMesh255;ArtMesh254;ArtMesh253;ArtMesh252;ArtMesh250;ArtMesh249;ArtMesh248;ArtMesh247;ArtMesh218;ArtMesh287;ArtMesh288;ArtMesh292;ArtMesh293;ArtMesh14;ArtMesh20,ArtMesh275;ArtMesh287;ArtMesh288;ArtMesh292;ArtMesh293,
3,greeting-tapbody-0,157.5045,0,0,0,0,0,0,0,-18.38026,0,163,262,0,True,ArtMesh123;ArtMesh202;ArtMesh276;ArtMesh275;ArtMesh272;ArtMesh270;ArtMesh269;ArtMesh268;ArtMesh260;ArtMesh259;ArtMesh258;ArtMesh257;ArtMesh255;ArtMesh254;ArtMesh253;ArtMesh252;ArtMesh250;ArtMesh249;ArtMesh248;ArtMesh247;ArtMesh218;ArtMesh287;ArtMesh288;ArtMesh292;ArtMesh293;ArtMesh14;ArtMesh20,ArtMesh275;ArtMesh287;ArtMesh288;ArtMesh292;ArtMesh293,
3,mask-stress-special-01,165.5207,0,1,1,0,-0.2,0.2,-24.2624168,15.6152287,-8.479224,190,262,0,True,ArtMesh160;ArtMesh123;ArtMesh202;ArtMesh276;ArtMesh275;ArtMesh272;ArtMesh270;ArtMesh269;ArtMesh268;ArtMesh260;ArtMesh259;ArtMesh258;ArtMesh257;ArtMesh255;ArtMesh254;ArtMesh253;ArtMesh252;ArtMesh250;ArtMesh249;ArtMesh248;ArtMesh247;ArtMesh218;ArtMesh190;ArtMesh189;ArtMesh287;ArtMesh288;ArtMesh292;ArtMesh293;ArtMesh14;ArtMesh20,ArtMesh160;ArtMesh275;ArtMesh190;ArtMesh189;ArtMesh287;ArtMesh288;ArtMesh292;ArtMesh293,
3,return-idle,172.8036,0,1,1,0,0,0,-0.68405503,-0.769814432,1.77436244,163,262,0,True,ArtMesh123;ArtMesh202;ArtMesh276;ArtMesh275;ArtMesh272;ArtMesh270;ArtMesh269;ArtMesh268;ArtMesh260;ArtMesh259;ArtMesh258;ArtMesh257;ArtMesh255;ArtMesh254;ArtMesh253;ArtMesh252;ArtMesh250;ArtMesh249;ArtMesh248;ArtMesh247;ArtMesh218;ArtMesh287;ArtMesh288;ArtMesh292;ArtMesh293;ArtMesh14;ArtMesh20,ArtMesh275;ArtMesh287;ArtMesh288;ArtMesh292;ArtMesh293,
4,idle,180.8200,0,1,1,0,0,0,-0.7167776,-0.808936059,1.84574807,163,262,0,True,ArtMesh123;ArtMesh202;ArtMesh276;ArtMesh275;ArtMesh272;ArtMesh270;ArtMesh269;ArtMesh268;ArtMesh260;ArtMesh259;ArtMesh258;ArtMesh257;ArtMesh255;ArtMesh254;ArtMesh253;ArtMesh252;ArtMesh250;ArtMesh249;ArtMesh248;ArtMesh247;ArtMesh218;ArtMesh287;ArtMesh288;ArtMesh292;ArtMesh293;ArtMesh14;ArtMesh20,ArtMesh275;ArtMesh287;ArtMesh288;ArtMesh292;ArtMesh293,
4,neutral,186.8035,0,1,1,0,0,0,0,0,0,0,262,0,False,ArtMesh123;ArtMesh202;ArtMesh276;ArtMesh275;ArtMesh272;ArtMesh270;ArtMesh269;ArtMesh268;ArtMesh260;ArtMesh259;ArtMesh258;ArtMesh257;ArtMesh255;ArtMesh254;ArtMesh253;ArtMesh252;ArtMesh250;ArtMesh249;ArtMesh248;ArtMesh247;ArtMesh218;ArtMesh287;ArtMesh288;ArtMesh292;ArtMesh293;ArtMesh14;ArtMesh20,ArtMesh275;ArtMesh287;ArtMesh288;ArtMesh292;ArtMesh293,
4,mouth-open,188.8196,1,1,1,0,0,0,0,0,0,13,262,0,False,ArtMesh123;ArtMesh202;ArtMesh276;ArtMesh275;ArtMesh272;ArtMesh270;ArtMesh269;ArtMesh268;ArtMesh260;ArtMesh259;ArtMesh258;ArtMesh257;ArtMesh255;ArtMesh254;ArtMesh253;ArtMesh252;ArtMesh250;ArtMesh249;ArtMesh248;ArtMesh247;ArtMesh218;ArtMesh287;ArtMesh288;ArtMesh292;ArtMesh293;ArtMesh14;ArtMesh20,ArtMesh275;ArtMesh287;ArtMesh288;ArtMesh292;ArtMesh293,
4,mouth-closed,190.8036,0,1,1,0,0,0,0,0,0,0,262,0,False,ArtMesh123;ArtMesh202;ArtMesh276;ArtMesh275;ArtMesh272;ArtMesh270;ArtMesh269;ArtMesh268;ArtMesh260;ArtMesh259;ArtMesh258;ArtMesh257;ArtMesh255;ArtMesh254;ArtMesh253;ArtMesh252;ArtMesh250;ArtMesh249;ArtMesh248;ArtMesh247;ArtMesh218;ArtMesh287;ArtMesh288;ArtMesh292;ArtMesh293;ArtMesh14;ArtMesh20,ArtMesh275;ArtMesh287;ArtMesh288;ArtMesh292;ArtMesh293,
4,left-eye-closed,192.8035,0,0,1,0,0,0,0,0,0,13,262,0,False,ArtMesh123;ArtMesh202;ArtMesh276;ArtMesh275;ArtMesh272;ArtMesh270;ArtMesh269;ArtMesh268;ArtMesh260;ArtMesh259;ArtMesh258;ArtMesh257;ArtMesh255;ArtMesh254;ArtMesh253;ArtMesh252;ArtMesh250;ArtMesh249;ArtMesh248;ArtMesh247;ArtMesh218;ArtMesh287;ArtMesh288;ArtMesh292;ArtMesh293;ArtMesh14;ArtMesh20,ArtMesh275;ArtMesh287;ArtMesh288;ArtMesh292;ArtMesh293,
4,right-eye-closed,194.8198,0,1,0,0,0,0,0,0,0,13,262,0,False,ArtMesh123;ArtMesh202;ArtMesh276;ArtMesh275;ArtMesh272;ArtMesh270;ArtMesh269;ArtMesh268;ArtMesh260;ArtMesh259;ArtMesh258;ArtMesh257;ArtMesh255;ArtMesh254;ArtMesh253;ArtMesh252;ArtMesh250;ArtMesh249;ArtMesh248;ArtMesh247;ArtMesh218;ArtMesh287;ArtMesh288;ArtMesh292;ArtMesh293;ArtMesh14;ArtMesh20,ArtMesh275;ArtMesh287;ArtMesh288;ArtMesh292;ArtMesh293,
4,both-eyes-closed,196.8026,0,0,0,0,0,0,0,0,0,26,262,0,False,ArtMesh123;ArtMesh202;ArtMesh276;ArtMesh275;ArtMesh272;ArtMesh270;ArtMesh269;ArtMesh268;ArtMesh260;ArtMesh259;ArtMesh258;ArtMesh257;ArtMesh255;ArtMesh254;ArtMesh253;ArtMesh252;ArtMesh250;ArtMesh249;ArtMesh248;ArtMesh247;ArtMesh218;ArtMesh287;ArtMesh288;ArtMesh292;ArtMesh293;ArtMesh14;ArtMesh20,ArtMesh275;ArtMesh287;ArtMesh288;ArtMesh292;ArtMesh293,
4,eyes-open,198.8031,0,1,1,0,0,0,0,0,0,0,262,0,False,ArtMesh123;ArtMesh202;ArtMesh276;ArtMesh275;ArtMesh272;ArtMesh270;ArtMesh269;ArtMesh268;ArtMesh260;ArtMesh259;ArtMesh258;ArtMesh257;ArtMesh255;ArtMesh254;ArtMesh253;ArtMesh252;ArtMesh250;ArtMesh249;ArtMesh248;ArtMesh247;ArtMesh218;ArtMesh287;ArtMesh288;ArtMesh292;ArtMesh293;ArtMesh14;ArtMesh20,ArtMesh275;ArtMesh287;ArtMesh288;ArtMesh292;ArtMesh293,
4,breath-low,200.8027,0,1,1,0,0,0,0,0,0,0,262,0,False,ArtMesh123;ArtMesh202;ArtMesh276;ArtMesh275;ArtMesh272;ArtMesh270;ArtMesh269;ArtMesh268;ArtMesh260;ArtMesh259;ArtMesh258;ArtMesh257;ArtMesh255;ArtMesh254;ArtMesh253;ArtMesh252;ArtMesh250;ArtMesh249;ArtMesh248;ArtMesh247;ArtMesh218;ArtMesh287;ArtMesh288;ArtMesh292;ArtMesh293;ArtMesh14;ArtMesh20,ArtMesh275;ArtMesh287;ArtMesh288;ArtMesh292;ArtMesh293,
4,breath-high,202.8028,0,1,1,1,0,0,0,0,0,156,262,0,False,ArtMesh123;ArtMesh202;ArtMesh276;ArtMesh275;ArtMesh272;ArtMesh270;ArtMesh269;ArtMesh268;ArtMesh260;ArtMesh259;ArtMesh258;ArtMesh257;ArtMesh255;ArtMesh254;ArtMesh253;ArtMesh252;ArtMesh250;ArtMesh249;ArtMesh248;ArtMesh247;ArtMesh218;ArtMesh287;ArtMesh288;ArtMesh292;ArtMesh293;ArtMesh14;ArtMesh20,ArtMesh275;ArtMesh287;ArtMesh288;ArtMesh292;ArtMesh293,
4,breath-wave,204.8196,0,1,1,0.790614545,0,0,0,0,0,156,262,0,False,ArtMesh123;ArtMesh202;ArtMesh276;ArtMesh275;ArtMesh272;ArtMesh270;ArtMesh269;ArtMesh268;ArtMesh260;ArtMesh259;ArtMesh258;ArtMesh257;ArtMesh255;ArtMesh254;ArtMesh253;ArtMesh252;ArtMesh250;ArtMesh249;ArtMesh248;ArtMesh247;ArtMesh218;ArtMesh287;ArtMesh288;ArtMesh292;ArtMesh293;ArtMesh14;ArtMesh20,ArtMesh275;ArtMesh287;ArtMesh288;ArtMesh292;ArtMesh293,
4,look-left,206.8191,0,1,1,0,-0.8,0,-15,0,0,93,262,0,False,ArtMesh123;ArtMesh202;ArtMesh276;ArtMesh275;ArtMesh272;ArtMesh270;ArtMesh269;ArtMesh268;ArtMesh260;ArtMesh259;ArtMesh258;ArtMesh257;ArtMesh255;ArtMesh254;ArtMesh253;ArtMesh252;ArtMesh250;ArtMesh249;ArtMesh248;ArtMesh247;ArtMesh218;ArtMesh287;ArtMesh288;ArtMesh292;ArtMesh293;ArtMesh14;ArtMesh20,ArtMesh275;ArtMesh287;ArtMesh288;ArtMesh292;ArtMesh293,
4,look-right,208.8026,0,1,1,0,0.8,0,15,0,0,93,262,0,False,ArtMesh123;ArtMesh202;ArtMesh276;ArtMesh275;ArtMesh272;ArtMesh270;ArtMesh269;ArtMesh268;ArtMesh260;ArtMesh259;ArtMesh258;ArtMesh257;ArtMesh255;ArtMesh254;ArtMesh253;ArtMesh252;ArtMesh250;ArtMesh249;ArtMesh248;ArtMesh247;ArtMesh218;ArtMesh287;ArtMesh288;ArtMesh292;ArtMesh293;ArtMesh14;ArtMesh20,ArtMesh275;ArtMesh287;ArtMesh288;ArtMesh292;ArtMesh293,
4,look-up,210.8184,0,1,1,0,0,0.8,0,15,0,93,262,0,False,ArtMesh123;ArtMesh202;ArtMesh276;ArtMesh275;ArtMesh272;ArtMesh270;ArtMesh269;ArtMesh268;ArtMesh260;ArtMesh259;ArtMesh258;ArtMesh257;ArtMesh255;ArtMesh254;ArtMesh253;ArtMesh252;ArtMesh250;ArtMesh249;ArtMesh248;ArtMesh247;ArtMesh218;ArtMesh287;ArtMesh288;ArtMesh292;ArtMesh293;ArtMesh14;ArtMesh20,ArtMesh275;ArtMesh287;ArtMesh288;ArtMesh292;ArtMesh293,
4,look-down,212.8188,0,1,1,0,0,-0.8,0,-15,0,93,262,0,False,ArtMesh123;ArtMesh202;ArtMesh276;ArtMesh275;ArtMesh272;ArtMesh270;ArtMesh269;ArtMesh268;ArtMesh260;ArtMesh259;ArtMesh258;ArtMesh257;ArtMesh255;ArtMesh254;ArtMesh253;ArtMesh252;ArtMesh250;ArtMesh249;ArtMesh248;ArtMesh247;ArtMesh218;ArtMesh287;ArtMesh288;ArtMesh292;ArtMesh293;ArtMesh14;ArtMesh20,ArtMesh275;ArtMesh287;ArtMesh288;ArtMesh292;ArtMesh293,
4,look-center,214.8019,0,1,1,0,0,0,0,0,0,0,262,0,False,ArtMesh123;ArtMesh202;ArtMesh276;ArtMesh275;ArtMesh272;ArtMesh270;ArtMesh269;ArtMesh268;ArtMesh260;ArtMesh259;ArtMesh258;ArtMesh257;ArtMesh255;ArtMesh254;ArtMesh253;ArtMesh252;ArtMesh250;ArtMesh249;ArtMesh248;ArtMesh247;ArtMesh218;ArtMesh287;ArtMesh288;ArtMesh292;ArtMesh293;ArtMesh14;ArtMesh20,ArtMesh275;ArtMesh287;ArtMesh288;ArtMesh292;ArtMesh293,
4,greeting-tapbody-0,217.5182,0,0,0,0,0,0,0,-18.7080784,0,163,262,0,True,ArtMesh123;ArtMesh202;ArtMesh276;ArtMesh275;ArtMesh272;ArtMesh270;ArtMesh269;ArtMesh268;ArtMesh260;ArtMesh259;ArtMesh258;ArtMesh257;ArtMesh255;ArtMesh254;ArtMesh253;ArtMesh252;ArtMesh250;ArtMesh249;ArtMesh248;ArtMesh247;ArtMesh218;ArtMesh287;ArtMesh288;ArtMesh292;ArtMesh293;ArtMesh14;ArtMesh20,ArtMesh275;ArtMesh287;ArtMesh288;ArtMesh292;ArtMesh293,
4,mask-stress-special-01,225.5176,0,1,1,0,-0.2,0.2,-24.2625084,15.614933,-8.479492,190,262,0,True,ArtMesh160;ArtMesh123;ArtMesh202;ArtMesh276;ArtMesh275;ArtMesh272;ArtMesh270;ArtMesh269;ArtMesh268;ArtMesh260;ArtMesh259;ArtMesh258;ArtMesh257;ArtMesh255;ArtMesh254;ArtMesh253;ArtMesh252;ArtMesh250;ArtMesh249;ArtMesh248;ArtMesh247;ArtMesh218;ArtMesh190;ArtMesh189;ArtMesh287;ArtMesh288;ArtMesh292;ArtMesh293;ArtMesh14;ArtMesh20,ArtMesh160;ArtMesh275;ArtMesh190;ArtMesh189;ArtMesh287;ArtMesh288;ArtMesh292;ArtMesh293,
4,return-idle,232.8171,0,1,1,0,0,0,-0.718347669,-0.81081903,1.84916162,163,262,0,True,ArtMesh123;ArtMesh202;ArtMesh276;ArtMesh275;ArtMesh272;ArtMesh270;ArtMesh269;ArtMesh268;ArtMesh260;ArtMesh259;ArtMesh258;ArtMesh257;ArtMesh255;ArtMesh254;ArtMesh253;ArtMesh252;ArtMesh250;ArtMesh249;ArtMesh248;ArtMesh247;ArtMesh218;ArtMesh287;ArtMesh288;ArtMesh292;ArtMesh293;ArtMesh14;ArtMesh20,ArtMesh275;ArtMesh287;ArtMesh288;ArtMesh292;ArtMesh293,
5,idle,240.8170,0,1,1,0,0,0,-0.7183423,-0.810812533,1.84914982,163,262,0,True,ArtMesh123;ArtMesh202;ArtMesh276;ArtMesh275;ArtMesh272;ArtMesh270;ArtMesh269;ArtMesh268;ArtMesh260;ArtMesh259;ArtMesh258;ArtMesh257;ArtMesh255;ArtMesh254;ArtMesh253;ArtMesh252;ArtMesh250;ArtMesh249;ArtMesh248;ArtMesh247;ArtMesh218;ArtMesh287;ArtMesh288;ArtMesh292;ArtMesh293;ArtMesh14;ArtMesh20,ArtMesh275;ArtMesh287;ArtMesh288;ArtMesh292;ArtMesh293,
5,neutral,246.8353,0,1,1,0,0,0,0,0,0,0,262,0,False,ArtMesh123;ArtMesh202;ArtMesh276;ArtMesh275;ArtMesh272;ArtMesh270;ArtMesh269;ArtMesh268;ArtMesh260;ArtMesh259;ArtMesh258;ArtMesh257;ArtMesh255;ArtMesh254;ArtMesh253;ArtMesh252;ArtMesh250;ArtMesh249;ArtMesh248;ArtMesh247;ArtMesh218;ArtMesh287;ArtMesh288;ArtMesh292;ArtMesh293;ArtMesh14;ArtMesh20,ArtMesh275;ArtMesh287;ArtMesh288;ArtMesh292;ArtMesh293,
5,mouth-open,248.8165,1,1,1,0,0,0,0,0,0,13,262,0,False,ArtMesh123;ArtMesh202;ArtMesh276;ArtMesh275;ArtMesh272;ArtMesh270;ArtMesh269;ArtMesh268;ArtMesh260;ArtMesh259;ArtMesh258;ArtMesh257;ArtMesh255;ArtMesh254;ArtMesh253;ArtMesh252;ArtMesh250;ArtMesh249;ArtMesh248;ArtMesh247;ArtMesh218;ArtMesh287;ArtMesh288;ArtMesh292;ArtMesh293;ArtMesh14;ArtMesh20,ArtMesh275;ArtMesh287;ArtMesh288;ArtMesh292;ArtMesh293,
5,mouth-closed,250.8331,0,1,1,0,0,0,0,0,0,0,262,0,False,ArtMesh123;ArtMesh202;ArtMesh276;ArtMesh275;ArtMesh272;ArtMesh270;ArtMesh269;ArtMesh268;ArtMesh260;ArtMesh259;ArtMesh258;ArtMesh257;ArtMesh255;ArtMesh254;ArtMesh253;ArtMesh252;ArtMesh250;ArtMesh249;ArtMesh248;ArtMesh247;ArtMesh218;ArtMesh287;ArtMesh288;ArtMesh292;ArtMesh293;ArtMesh14;ArtMesh20,ArtMesh275;ArtMesh287;ArtMesh288;ArtMesh292;ArtMesh293,
5,left-eye-closed,252.8167,0,0,1,0,0,0,0,0,0,13,262,0,False,ArtMesh123;ArtMesh202;ArtMesh276;ArtMesh275;ArtMesh272;ArtMesh270;ArtMesh269;ArtMesh268;ArtMesh260;ArtMesh259;ArtMesh258;ArtMesh257;ArtMesh255;ArtMesh254;ArtMesh253;ArtMesh252;ArtMesh250;ArtMesh249;ArtMesh248;ArtMesh247;ArtMesh218;ArtMesh287;ArtMesh288;ArtMesh292;ArtMesh293;ArtMesh14;ArtMesh20,ArtMesh275;ArtMesh287;ArtMesh288;ArtMesh292;ArtMesh293,
5,right-eye-closed,254.8329,0,1,0,0,0,0,0,0,0,13,262,0,False,ArtMesh123;ArtMesh202;ArtMesh276;ArtMesh275;ArtMesh272;ArtMesh270;ArtMesh269;ArtMesh268;ArtMesh260;ArtMesh259;ArtMesh258;ArtMesh257;ArtMesh255;ArtMesh254;ArtMesh253;ArtMesh252;ArtMesh250;ArtMesh249;ArtMesh248;ArtMesh247;ArtMesh218;ArtMesh287;ArtMesh288;ArtMesh292;ArtMesh293;ArtMesh14;ArtMesh20,ArtMesh275;ArtMesh287;ArtMesh288;ArtMesh292;ArtMesh293,
5,both-eyes-closed,256.8333,0,0,0,0,0,0,0,0,0,26,262,0,False,ArtMesh123;ArtMesh202;ArtMesh276;ArtMesh275;ArtMesh272;ArtMesh270;ArtMesh269;ArtMesh268;ArtMesh260;ArtMesh259;ArtMesh258;ArtMesh257;ArtMesh255;ArtMesh254;ArtMesh253;ArtMesh252;ArtMesh250;ArtMesh249;ArtMesh248;ArtMesh247;ArtMesh218;ArtMesh287;ArtMesh288;ArtMesh292;ArtMesh293;ArtMesh14;ArtMesh20,ArtMesh275;ArtMesh287;ArtMesh288;ArtMesh292;ArtMesh293,
5,eyes-open,258.8169,0,1,1,0,0,0,0,0,0,0,262,0,False,ArtMesh123;ArtMesh202;ArtMesh276;ArtMesh275;ArtMesh272;ArtMesh270;ArtMesh269;ArtMesh268;ArtMesh260;ArtMesh259;ArtMesh258;ArtMesh257;ArtMesh255;ArtMesh254;ArtMesh253;ArtMesh252;ArtMesh250;ArtMesh249;ArtMesh248;ArtMesh247;ArtMesh218;ArtMesh287;ArtMesh288;ArtMesh292;ArtMesh293;ArtMesh14;ArtMesh20,ArtMesh275;ArtMesh287;ArtMesh288;ArtMesh292;ArtMesh293,
5,breath-low,260.8160,0,1,1,0,0,0,0,0,0,0,262,0,False,ArtMesh123;ArtMesh202;ArtMesh276;ArtMesh275;ArtMesh272;ArtMesh270;ArtMesh269;ArtMesh268;ArtMesh260;ArtMesh259;ArtMesh258;ArtMesh257;ArtMesh255;ArtMesh254;ArtMesh253;ArtMesh252;ArtMesh250;ArtMesh249;ArtMesh248;ArtMesh247;ArtMesh218;ArtMesh287;ArtMesh288;ArtMesh292;ArtMesh293;ArtMesh14;ArtMesh20,ArtMesh275;ArtMesh287;ArtMesh288;ArtMesh292;ArtMesh293,
5,breath-high,262.8322,0,1,1,1,0,0,0,0,0,156,262,0,False,ArtMesh123;ArtMesh202;ArtMesh276;ArtMesh275;ArtMesh272;ArtMesh270;ArtMesh269;ArtMesh268;ArtMesh260;ArtMesh259;ArtMesh258;ArtMesh257;ArtMesh255;ArtMesh254;ArtMesh253;ArtMesh252;ArtMesh250;ArtMesh249;ArtMesh248;ArtMesh247;ArtMesh218;ArtMesh287;ArtMesh288;ArtMesh292;ArtMesh293;ArtMesh14;ArtMesh20,ArtMesh275;ArtMesh287;ArtMesh288;ArtMesh292;ArtMesh293,
5,breath-wave,264.8324,0,1,1,0.772837937,0,0,0,0,0,156,262,0,False,ArtMesh123;ArtMesh202;ArtMesh276;ArtMesh275;ArtMesh272;ArtMesh270;ArtMesh269;ArtMesh268;ArtMesh260;ArtMesh259;ArtMesh258;ArtMesh257;ArtMesh255;ArtMesh254;ArtMesh253;ArtMesh252;ArtMesh250;ArtMesh249;ArtMesh248;ArtMesh247;ArtMesh218;ArtMesh287;ArtMesh288;ArtMesh292;ArtMesh293;ArtMesh14;ArtMesh20,ArtMesh275;ArtMesh287;ArtMesh288;ArtMesh292;ArtMesh293,
5,look-left,266.8326,0,1,1,0,-0.8,0,-15,0,0,93,262,0,False,ArtMesh123;ArtMesh202;ArtMesh276;ArtMesh275;ArtMesh272;ArtMesh270;ArtMesh269;ArtMesh268;ArtMesh260;ArtMesh259;ArtMesh258;ArtMesh257;ArtMesh255;ArtMesh254;ArtMesh253;ArtMesh252;ArtMesh250;ArtMesh249;ArtMesh248;ArtMesh247;ArtMesh218;ArtMesh287;ArtMesh288;ArtMesh292;ArtMesh293;ArtMesh14;ArtMesh20,ArtMesh275;ArtMesh287;ArtMesh288;ArtMesh292;ArtMesh293,
5,look-right,268.8321,0,1,1,0,0.8,0,15,0,0,93,262,0,False,ArtMesh123;ArtMesh202;ArtMesh276;ArtMesh275;ArtMesh272;ArtMesh270;ArtMesh269;ArtMesh268;ArtMesh260;ArtMesh259;ArtMesh258;ArtMesh257;ArtMesh255;ArtMesh254;ArtMesh253;ArtMesh252;ArtMesh250;ArtMesh249;ArtMesh248;ArtMesh247;ArtMesh218;ArtMesh287;ArtMesh288;ArtMesh292;ArtMesh293;ArtMesh14;ArtMesh20,ArtMesh275;ArtMesh287;ArtMesh288;ArtMesh292;ArtMesh293,
5,look-up,270.8172,0,1,1,0,0,0.8,0,15,0,93,262,0,False,ArtMesh123;ArtMesh202;ArtMesh276;ArtMesh275;ArtMesh272;ArtMesh270;ArtMesh269;ArtMesh268;ArtMesh260;ArtMesh259;ArtMesh258;ArtMesh257;ArtMesh255;ArtMesh254;ArtMesh253;ArtMesh252;ArtMesh250;ArtMesh249;ArtMesh248;ArtMesh247;ArtMesh218;ArtMesh287;ArtMesh288;ArtMesh292;ArtMesh293;ArtMesh14;ArtMesh20,ArtMesh275;ArtMesh287;ArtMesh288;ArtMesh292;ArtMesh293,
5,look-down,272.8323,0,1,1,0,0,-0.8,0,-15,0,93,262,0,False,ArtMesh123;ArtMesh202;ArtMesh276;ArtMesh275;ArtMesh272;ArtMesh270;ArtMesh269;ArtMesh268;ArtMesh260;ArtMesh259;ArtMesh258;ArtMesh257;ArtMesh255;ArtMesh254;ArtMesh253;ArtMesh252;ArtMesh250;ArtMesh249;ArtMesh248;ArtMesh247;ArtMesh218;ArtMesh287;ArtMesh288;ArtMesh292;ArtMesh293;ArtMesh14;ArtMesh20,ArtMesh275;ArtMesh287;ArtMesh288;ArtMesh292;ArtMesh293,
5,look-center,274.8323,0,1,1,0,0,0,0,0,0,0,262,0,False,ArtMesh123;ArtMesh202;ArtMesh276;ArtMesh275;ArtMesh272;ArtMesh270;ArtMesh269;ArtMesh268;ArtMesh260;ArtMesh259;ArtMesh258;ArtMesh257;ArtMesh255;ArtMesh254;ArtMesh253;ArtMesh252;ArtMesh250;ArtMesh249;ArtMesh248;ArtMesh247;ArtMesh218;ArtMesh287;ArtMesh288;ArtMesh292;ArtMesh293;ArtMesh14;ArtMesh20,ArtMesh275;ArtMesh287;ArtMesh288;ArtMesh292;ArtMesh293,
5,greeting-tapbody-0,277.5156,0,0,0,0,0,0,0,-18.3489323,0,163,262,0,True,ArtMesh123;ArtMesh202;ArtMesh276;ArtMesh275;ArtMesh272;ArtMesh270;ArtMesh269;ArtMesh268;ArtMesh260;ArtMesh259;ArtMesh258;ArtMesh257;ArtMesh255;ArtMesh254;ArtMesh253;ArtMesh252;ArtMesh250;ArtMesh249;ArtMesh248;ArtMesh247;ArtMesh218;ArtMesh287;ArtMesh288;ArtMesh292;ArtMesh293;ArtMesh14;ArtMesh20,ArtMesh275;ArtMesh287;ArtMesh288;ArtMesh292;ArtMesh293,
5,mask-stress-special-01,285.5315,0,1,1,0,-0.2,0.2,-24.2822876,15.550209,-8.537854,190,262,0,True,ArtMesh160;ArtMesh123;ArtMesh202;ArtMesh276;ArtMesh275;ArtMesh272;ArtMesh270;ArtMesh269;ArtMesh268;ArtMesh260;ArtMesh259;ArtMesh258;ArtMesh257;ArtMesh255;ArtMesh254;ArtMesh253;ArtMesh252;ArtMesh250;ArtMesh249;ArtMesh248;ArtMesh247;ArtMesh218;ArtMesh190;ArtMesh189;ArtMesh287;ArtMesh288;ArtMesh292;ArtMesh293;ArtMesh14;ArtMesh20,ArtMesh160;ArtMesh275;ArtMesh190;ArtMesh189;ArtMesh287;ArtMesh288;ArtMesh292;ArtMesh293,
5,return-idle,292.8312,0,1,1,0,0,0,-0.7183736,-0.8108502,1.84921813,163,262,0,True,ArtMesh123;ArtMesh202;ArtMesh276;ArtMesh275;ArtMesh272;ArtMesh270;ArtMesh269;ArtMesh268;ArtMesh260;ArtMesh259;ArtMesh258;ArtMesh257;ArtMesh255;ArtMesh254;ArtMesh253;ArtMesh252;ArtMesh250;ArtMesh249;ArtMesh248;ArtMesh247;ArtMesh218;ArtMesh287;ArtMesh288;ArtMesh292;ArtMesh293;ArtMesh14;ArtMesh20,ArtMesh275;ArtMesh287;ArtMesh288;ArtMesh292;ArtMesh293,
6,idle,300.8309,0,1,1,0,0,0,-0.718308151,-0.810771644,1.84907556,163,262,0,True,ArtMesh123;ArtMesh202;ArtMesh276;ArtMesh275;ArtMesh272;ArtMesh270;ArtMesh269;ArtMesh268;ArtMesh260;ArtMesh259;ArtMesh258;ArtMesh257;ArtMesh255;ArtMesh254;ArtMesh253;ArtMesh252;ArtMesh250;ArtMesh249;ArtMesh248;ArtMesh247;ArtMesh218;ArtMesh287;ArtMesh288;ArtMesh292;ArtMesh293;ArtMesh14;ArtMesh20,ArtMesh275;ArtMesh287;ArtMesh288;ArtMesh292;ArtMesh293,
6,neutral,306.8308,0,1,1,0,0,0,0,0,0,0,262,0,False,ArtMesh123;ArtMesh202;ArtMesh276;ArtMesh275;ArtMesh272;ArtMesh270;ArtMesh269;ArtMesh268;ArtMesh260;ArtMesh259;ArtMesh258;ArtMesh257;ArtMesh255;ArtMesh254;ArtMesh253;ArtMesh252;ArtMesh250;ArtMesh249;ArtMesh248;ArtMesh247;ArtMesh218;ArtMesh287;ArtMesh288;ArtMesh292;ArtMesh293;ArtMesh14;ArtMesh20,ArtMesh275;ArtMesh287;ArtMesh288;ArtMesh292;ArtMesh293,
6,mouth-open,308.8301,1,1,1,0,0,0,0,0,0,13,262,0,False,ArtMesh123;ArtMesh202;ArtMesh276;ArtMesh275;ArtMesh272;ArtMesh270;ArtMesh269;ArtMesh268;ArtMesh260;ArtMesh259;ArtMesh258;ArtMesh257;ArtMesh255;ArtMesh254;ArtMesh253;ArtMesh252;ArtMesh250;ArtMesh249;ArtMesh248;ArtMesh247;ArtMesh218;ArtMesh287;ArtMesh288;ArtMesh292;ArtMesh293;ArtMesh14;ArtMesh20,ArtMesh275;ArtMesh287;ArtMesh288;ArtMesh292;ArtMesh293,
6,mouth-closed,310.8302,0,1,1,0,0,0,0,0,0,0,262,0,False,ArtMesh123;ArtMesh202;ArtMesh276;ArtMesh275;ArtMesh272;ArtMesh270;ArtMesh269;ArtMesh268;ArtMesh260;ArtMesh259;ArtMesh258;ArtMesh257;ArtMesh255;ArtMesh254;ArtMesh253;ArtMesh252;ArtMesh250;ArtMesh249;ArtMesh248;ArtMesh247;ArtMesh218;ArtMesh287;ArtMesh288;ArtMesh292;ArtMesh293;ArtMesh14;ArtMesh20,ArtMesh275;ArtMesh287;ArtMesh288;ArtMesh292;ArtMesh293,
6,left-eye-closed,312.8305,0,0,1,0,0,0,0,0,0,13,262,0,False,ArtMesh123;ArtMesh202;ArtMesh276;ArtMesh275;ArtMesh272;ArtMesh270;ArtMesh269;ArtMesh268;ArtMesh260;ArtMesh259;ArtMesh258;ArtMesh257;ArtMesh255;ArtMesh254;ArtMesh253;ArtMesh252;ArtMesh250;ArtMesh249;ArtMesh248;ArtMesh247;ArtMesh218;ArtMesh287;ArtMesh288;ArtMesh292;ArtMesh293;ArtMesh14;ArtMesh20,ArtMesh275;ArtMesh287;ArtMesh288;ArtMesh292;ArtMesh293,
6,right-eye-closed,314.8301,0,1,0,0,0,0,0,0,0,13,262,0,False,ArtMesh123;ArtMesh202;ArtMesh276;ArtMesh275;ArtMesh272;ArtMesh270;ArtMesh269;ArtMesh268;ArtMesh260;ArtMesh259;ArtMesh258;ArtMesh257;ArtMesh255;ArtMesh254;ArtMesh253;ArtMesh252;ArtMesh250;ArtMesh249;ArtMesh248;ArtMesh247;ArtMesh218;ArtMesh287;ArtMesh288;ArtMesh292;ArtMesh293;ArtMesh14;ArtMesh20,ArtMesh275;ArtMesh287;ArtMesh288;ArtMesh292;ArtMesh293,
6,both-eyes-closed,316.8296,0,0,0,0,0,0,0,0,0,26,262,0,False,ArtMesh123;ArtMesh202;ArtMesh276;ArtMesh275;ArtMesh272;ArtMesh270;ArtMesh269;ArtMesh268;ArtMesh260;ArtMesh259;ArtMesh258;ArtMesh257;ArtMesh255;ArtMesh254;ArtMesh253;ArtMesh252;ArtMesh250;ArtMesh249;ArtMesh248;ArtMesh247;ArtMesh218;ArtMesh287;ArtMesh288;ArtMesh292;ArtMesh293;ArtMesh14;ArtMesh20,ArtMesh275;ArtMesh287;ArtMesh288;ArtMesh292;ArtMesh293,
6,eyes-open,318.8135,0,1,1,0,0,0,0,0,0,0,262,0,False,ArtMesh123;ArtMesh202;ArtMesh276;ArtMesh275;ArtMesh272;ArtMesh270;ArtMesh269;ArtMesh268;ArtMesh260;ArtMesh259;ArtMesh258;ArtMesh257;ArtMesh255;ArtMesh254;ArtMesh253;ArtMesh252;ArtMesh250;ArtMesh249;ArtMesh248;ArtMesh247;ArtMesh218;ArtMesh287;ArtMesh288;ArtMesh292;ArtMesh293;ArtMesh14;ArtMesh20,ArtMesh275;ArtMesh287;ArtMesh288;ArtMesh292;ArtMesh293,
6,breath-low,320.8296,0,1,1,0,0,0,0,0,0,0,262,0,False,ArtMesh123;ArtMesh202;ArtMesh276;ArtMesh275;ArtMesh272;ArtMesh270;ArtMesh269;ArtMesh268;ArtMesh260;ArtMesh259;ArtMesh258;ArtMesh257;ArtMesh255;ArtMesh254;ArtMesh253;ArtMesh252;ArtMesh250;ArtMesh249;ArtMesh248;ArtMesh247;ArtMesh218;ArtMesh287;ArtMesh288;ArtMesh292;ArtMesh293;ArtMesh14;ArtMesh20,ArtMesh275;ArtMesh287;ArtMesh288;ArtMesh292;ArtMesh293,
6,breath-high,322.8130,0,1,1,1,0,0,0,0,0,156,262,0,False,ArtMesh123;ArtMesh202;ArtMesh276;ArtMesh275;ArtMesh272;ArtMesh270;ArtMesh269;ArtMesh268;ArtMesh260;ArtMesh259;ArtMesh258;ArtMesh257;ArtMesh255;ArtMesh254;ArtMesh253;ArtMesh252;ArtMesh250;ArtMesh249;ArtMesh248;ArtMesh247;ArtMesh218;ArtMesh287;ArtMesh288;ArtMesh292;ArtMesh293;ArtMesh14;ArtMesh20,ArtMesh275;ArtMesh287;ArtMesh288;ArtMesh292;ArtMesh293,
6,breath-wave,324.8294,0,1,1,0.7777509,0,0,0,0,0,156,262,0,False,ArtMesh123;ArtMesh202;ArtMesh276;ArtMesh275;ArtMesh272;ArtMesh270;ArtMesh269;ArtMesh268;ArtMesh260;ArtMesh259;ArtMesh258;ArtMesh257;ArtMesh255;ArtMesh254;ArtMesh253;ArtMesh252;ArtMesh250;ArtMesh249;ArtMesh248;ArtMesh247;ArtMesh218;ArtMesh287;ArtMesh288;ArtMesh292;ArtMesh293;ArtMesh14;ArtMesh20,ArtMesh275;ArtMesh287;ArtMesh288;ArtMesh292;ArtMesh293,
6,look-left,326.8138,0,1,1,0,-0.8,0,-15,0,0,93,262,0,False,ArtMesh123;ArtMesh202;ArtMesh276;ArtMesh275;ArtMesh272;ArtMesh270;ArtMesh269;ArtMesh268;ArtMesh260;ArtMesh259;ArtMesh258;ArtMesh257;ArtMesh255;ArtMesh254;ArtMesh253;ArtMesh252;ArtMesh250;ArtMesh249;ArtMesh248;ArtMesh247;ArtMesh218;ArtMesh287;ArtMesh288;ArtMesh292;ArtMesh293;ArtMesh14;ArtMesh20,ArtMesh275;ArtMesh287;ArtMesh288;ArtMesh292;ArtMesh293,
6,look-right,328.8131,0,1,1,0,0.8,0,15,0,0,93,262,0,False,ArtMesh123;ArtMesh202;ArtMesh276;ArtMesh275;ArtMesh272;ArtMesh270;ArtMesh269;ArtMesh268;ArtMesh260;ArtMesh259;ArtMesh258;ArtMesh257;ArtMesh255;ArtMesh254;ArtMesh253;ArtMesh252;ArtMesh250;ArtMesh249;ArtMesh248;ArtMesh247;ArtMesh218;ArtMesh287;ArtMesh288;ArtMesh292;ArtMesh293;ArtMesh14;ArtMesh20,ArtMesh275;ArtMesh287;ArtMesh288;ArtMesh292;ArtMesh293,
6,look-up,330.8290,0,1,1,0,0,0.8,0,15,0,93,262,0,False,ArtMesh123;ArtMesh202;ArtMesh276;ArtMesh275;ArtMesh272;ArtMesh270;ArtMesh269;ArtMesh268;ArtMesh260;ArtMesh259;ArtMesh258;ArtMesh257;ArtMesh255;ArtMesh254;ArtMesh253;ArtMesh252;ArtMesh250;ArtMesh249;ArtMesh248;ArtMesh247;ArtMesh218;ArtMesh287;ArtMesh288;ArtMesh292;ArtMesh293;ArtMesh14;ArtMesh20,ArtMesh275;ArtMesh287;ArtMesh288;ArtMesh292;ArtMesh293,
6,look-down,332.8292,0,1,1,0,0,-0.8,0,-15,0,93,262,0,False,ArtMesh123;ArtMesh202;ArtMesh276;ArtMesh275;ArtMesh272;ArtMesh270;ArtMesh269;ArtMesh268;ArtMesh260;ArtMesh259;ArtMesh258;ArtMesh257;ArtMesh255;ArtMesh254;ArtMesh253;ArtMesh252;ArtMesh250;ArtMesh249;ArtMesh248;ArtMesh247;ArtMesh218;ArtMesh287;ArtMesh288;ArtMesh292;ArtMesh293;ArtMesh14;ArtMesh20,ArtMesh275;ArtMesh287;ArtMesh288;ArtMesh292;ArtMesh293,
6,look-center,334.8126,0,1,1,0,0,0,0,0,0,0,262,0,False,ArtMesh123;ArtMesh202;ArtMesh276;ArtMesh275;ArtMesh272;ArtMesh270;ArtMesh269;ArtMesh268;ArtMesh260;ArtMesh259;ArtMesh258;ArtMesh257;ArtMesh255;ArtMesh254;ArtMesh253;ArtMesh252;ArtMesh250;ArtMesh249;ArtMesh248;ArtMesh247;ArtMesh218;ArtMesh287;ArtMesh288;ArtMesh292;ArtMesh293;ArtMesh14;ArtMesh20,ArtMesh275;ArtMesh287;ArtMesh288;ArtMesh292;ArtMesh293,
6,greeting-tapbody-0,337.5290,0,0,0,0,0,0,0,-18.7083073,0,163,262,0,True,ArtMesh123;ArtMesh202;ArtMesh276;ArtMesh275;ArtMesh272;ArtMesh270;ArtMesh269;ArtMesh268;ArtMesh260;ArtMesh259;ArtMesh258;ArtMesh257;ArtMesh255;ArtMesh254;ArtMesh253;ArtMesh252;ArtMesh250;ArtMesh249;ArtMesh248;ArtMesh247;ArtMesh218;ArtMesh287;ArtMesh288;ArtMesh292;ArtMesh293;ArtMesh14;ArtMesh20,ArtMesh275;ArtMesh287;ArtMesh288;ArtMesh292;ArtMesh293,
6,mask-stress-special-01,345.5287,0,1,1,0,-0.2,0.2,-24.2623711,15.6153812,-8.479086,190,262,0,True,ArtMesh160;ArtMesh123;ArtMesh202;ArtMesh276;ArtMesh275;ArtMesh272;ArtMesh270;ArtMesh269;ArtMesh268;ArtMesh260;ArtMesh259;ArtMesh258;ArtMesh257;ArtMesh255;ArtMesh254;ArtMesh253;ArtMesh252;ArtMesh250;ArtMesh249;ArtMesh248;ArtMesh247;ArtMesh218;ArtMesh190;ArtMesh189;ArtMesh287;ArtMesh288;ArtMesh292;ArtMesh293;ArtMesh14;ArtMesh20,ArtMesh160;ArtMesh275;ArtMesh190;ArtMesh189;ArtMesh287;ArtMesh288;ArtMesh292;ArtMesh293,
6,return-idle,352.8283,0,1,1,0,0,0,-0.7183486,-0.8108202,1.84916377,163,262,0,True,ArtMesh123;ArtMesh202;ArtMesh276;ArtMesh275;ArtMesh272;ArtMesh270;ArtMesh269;ArtMesh268;ArtMesh260;ArtMesh259;ArtMesh258;ArtMesh257;ArtMesh255;ArtMesh254;ArtMesh253;ArtMesh252;ArtMesh250;ArtMesh249;ArtMesh248;ArtMesh247;ArtMesh218;ArtMesh287;ArtMesh288;ArtMesh292;ArtMesh293;ArtMesh14;ArtMesh20,ArtMesh275;ArtMesh287;ArtMesh288;ArtMesh292;ArtMesh293,
7,idle,360.8246,0,1,1,0,0,0,-0.684051752,-0.769810438,1.77435517,163,262,0,True,ArtMesh123;ArtMesh202;ArtMesh276;ArtMesh275;ArtMesh272;ArtMesh270;ArtMesh269;ArtMesh268;ArtMesh260;ArtMesh259;ArtMesh258;ArtMesh257;ArtMesh255;ArtMesh254;ArtMesh253;ArtMesh252;ArtMesh250;ArtMesh249;ArtMesh248;ArtMesh247;ArtMesh218;ArtMesh287;ArtMesh288;ArtMesh292;ArtMesh293;ArtMesh14;ArtMesh20,ArtMesh275;ArtMesh287;ArtMesh288;ArtMesh292;ArtMesh293,
7,neutral,366.8276,0,1,1,0,0,0,0,0,0,0,262,0,False,ArtMesh123;ArtMesh202;ArtMesh276;ArtMesh275;ArtMesh272;ArtMesh270;ArtMesh269;ArtMesh268;ArtMesh260;ArtMesh259;ArtMesh258;ArtMesh257;ArtMesh255;ArtMesh254;ArtMesh253;ArtMesh252;ArtMesh250;ArtMesh249;ArtMesh248;ArtMesh247;ArtMesh218;ArtMesh287;ArtMesh288;ArtMesh292;ArtMesh293;ArtMesh14;ArtMesh20,ArtMesh275;ArtMesh287;ArtMesh288;ArtMesh292;ArtMesh293,
7,mouth-open,368.8274,1,1,1,0,0,0,0,0,0,13,262,0,False,ArtMesh123;ArtMesh202;ArtMesh276;ArtMesh275;ArtMesh272;ArtMesh270;ArtMesh269;ArtMesh268;ArtMesh260;ArtMesh259;ArtMesh258;ArtMesh257;ArtMesh255;ArtMesh254;ArtMesh253;ArtMesh252;ArtMesh250;ArtMesh249;ArtMesh248;ArtMesh247;ArtMesh218;ArtMesh287;ArtMesh288;ArtMesh292;ArtMesh293;ArtMesh14;ArtMesh20,ArtMesh275;ArtMesh287;ArtMesh288;ArtMesh292;ArtMesh293,
7,mouth-closed,370.8276,0,1,1,0,0,0,0,0,0,0,262,0,False,ArtMesh123;ArtMesh202;ArtMesh276;ArtMesh275;ArtMesh272;ArtMesh270;ArtMesh269;ArtMesh268;ArtMesh260;ArtMesh259;ArtMesh258;ArtMesh257;ArtMesh255;ArtMesh254;ArtMesh253;ArtMesh252;ArtMesh250;ArtMesh249;ArtMesh248;ArtMesh247;ArtMesh218;ArtMesh287;ArtMesh288;ArtMesh292;ArtMesh293;ArtMesh14;ArtMesh20,ArtMesh275;ArtMesh287;ArtMesh288;ArtMesh292;ArtMesh293,
7,left-eye-closed,372.8276,0,0,1,0,0,0,0,0,0,13,262,0,False,ArtMesh123;ArtMesh202;ArtMesh276;ArtMesh275;ArtMesh272;ArtMesh270;ArtMesh269;ArtMesh268;ArtMesh260;ArtMesh259;ArtMesh258;ArtMesh257;ArtMesh255;ArtMesh254;ArtMesh253;ArtMesh252;ArtMesh250;ArtMesh249;ArtMesh248;ArtMesh247;ArtMesh218;ArtMesh287;ArtMesh288;ArtMesh292;ArtMesh293;ArtMesh14;ArtMesh20,ArtMesh275;ArtMesh287;ArtMesh288;ArtMesh292;ArtMesh293,
7,right-eye-closed,374.8273,0,1,0,0,0,0,0,0,0,13,262,0,False,ArtMesh123;ArtMesh202;ArtMesh276;ArtMesh275;ArtMesh272;ArtMesh270;ArtMesh269;ArtMesh268;ArtMesh260;ArtMesh259;ArtMesh258;ArtMesh257;ArtMesh255;ArtMesh254;ArtMesh253;ArtMesh252;ArtMesh250;ArtMesh249;ArtMesh248;ArtMesh247;ArtMesh218;ArtMesh287;ArtMesh288;ArtMesh292;ArtMesh293;ArtMesh14;ArtMesh20,ArtMesh275;ArtMesh287;ArtMesh288;ArtMesh292;ArtMesh293,
7,both-eyes-closed,376.8272,0,0,0,0,0,0,0,0,0,26,262,0,False,ArtMesh123;ArtMesh202;ArtMesh276;ArtMesh275;ArtMesh272;ArtMesh270;ArtMesh269;ArtMesh268;ArtMesh260;ArtMesh259;ArtMesh258;ArtMesh257;ArtMesh255;ArtMesh254;ArtMesh253;ArtMesh252;ArtMesh250;ArtMesh249;ArtMesh248;ArtMesh247;ArtMesh218;ArtMesh287;ArtMesh288;ArtMesh292;ArtMesh293;ArtMesh14;ArtMesh20,ArtMesh275;ArtMesh287;ArtMesh288;ArtMesh292;ArtMesh293,
7,eyes-open,378.8270,0,1,1,0,0,0,0,0,0,0,262,0,False,ArtMesh123;ArtMesh202;ArtMesh276;ArtMesh275;ArtMesh272;ArtMesh270;ArtMesh269;ArtMesh268;ArtMesh260;ArtMesh259;ArtMesh258;ArtMesh257;ArtMesh255;ArtMesh254;ArtMesh253;ArtMesh252;ArtMesh250;ArtMesh249;ArtMesh248;ArtMesh247;ArtMesh218;ArtMesh287;ArtMesh288;ArtMesh292;ArtMesh293;ArtMesh14;ArtMesh20,ArtMesh275;ArtMesh287;ArtMesh288;ArtMesh292;ArtMesh293,
7,breath-low,380.8107,0,1,1,0,0,0,0,0,0,0,262,0,False,ArtMesh123;ArtMesh202;ArtMesh276;ArtMesh275;ArtMesh272;ArtMesh270;ArtMesh269;ArtMesh268;ArtMesh260;ArtMesh259;ArtMesh258;ArtMesh257;ArtMesh255;ArtMesh254;ArtMesh253;ArtMesh252;ArtMesh250;ArtMesh249;ArtMesh248;ArtMesh247;ArtMesh218;ArtMesh287;ArtMesh288;ArtMesh292;ArtMesh293;ArtMesh14;ArtMesh20,ArtMesh275;ArtMesh287;ArtMesh288;ArtMesh292;ArtMesh293,
7,breath-high,382.8275,0,1,1,1,0,0,0,0,0,156,262,0,False,ArtMesh123;ArtMesh202;ArtMesh276;ArtMesh275;ArtMesh272;ArtMesh270;ArtMesh269;ArtMesh268;ArtMesh260;ArtMesh259;ArtMesh258;ArtMesh257;ArtMesh255;ArtMesh254;ArtMesh253;ArtMesh252;ArtMesh250;ArtMesh249;ArtMesh248;ArtMesh247;ArtMesh218;ArtMesh287;ArtMesh288;ArtMesh292;ArtMesh293;ArtMesh14;ArtMesh20,ArtMesh275;ArtMesh287;ArtMesh288;ArtMesh292;ArtMesh293,
7,breath-wave,384.8275,0,1,1,0.781106532,0,0,0,0,0,156,262,0,False,ArtMesh123;ArtMesh202;ArtMesh276;ArtMesh275;ArtMesh272;ArtMesh270;ArtMesh269;ArtMesh268;ArtMesh260;ArtMesh259;ArtMesh258;ArtMesh257;ArtMesh255;ArtMesh254;ArtMesh253;ArtMesh252;ArtMesh250;ArtMesh249;ArtMesh248;ArtMesh247;ArtMesh218;ArtMesh287;ArtMesh288;ArtMesh292;ArtMesh293;ArtMesh14;ArtMesh20,ArtMesh275;ArtMesh287;ArtMesh288;ArtMesh292;ArtMesh293,
7,look-left,386.8263,0,1,1,0,-0.8,0,-15,0,0,93,262,0,False,ArtMesh123;ArtMesh202;ArtMesh276;ArtMesh275;ArtMesh272;ArtMesh270;ArtMesh269;ArtMesh268;ArtMesh260;ArtMesh259;ArtMesh258;ArtMesh257;ArtMesh255;ArtMesh254;ArtMesh253;ArtMesh252;ArtMesh250;ArtMesh249;ArtMesh248;ArtMesh247;ArtMesh218;ArtMesh287;ArtMesh288;ArtMesh292;ArtMesh293;ArtMesh14;ArtMesh20,ArtMesh275;ArtMesh287;ArtMesh288;ArtMesh292;ArtMesh293,
7,look-right,388.8267,0,1,1,0,0.8,0,15,0,0,93,262,0,False,ArtMesh123;ArtMesh202;ArtMesh276;ArtMesh275;ArtMesh272;ArtMesh270;ArtMesh269;ArtMesh268;ArtMesh260;ArtMesh259;ArtMesh258;ArtMesh257;ArtMesh255;ArtMesh254;ArtMesh253;ArtMesh252;ArtMesh250;ArtMesh249;ArtMesh248;ArtMesh247;ArtMesh218;ArtMesh287;ArtMesh288;ArtMesh292;ArtMesh293;ArtMesh14;ArtMesh20,ArtMesh275;ArtMesh287;ArtMesh288;ArtMesh292;ArtMesh293,
7,look-up,390.8270,0,1,1,0,0,0.8,0,15,0,93,262,0,False,ArtMesh123;ArtMesh202;ArtMesh276;ArtMesh275;ArtMesh272;ArtMesh270;ArtMesh269;ArtMesh268;ArtMesh260;ArtMesh259;ArtMesh258;ArtMesh257;ArtMesh255;ArtMesh254;ArtMesh253;ArtMesh252;ArtMesh250;ArtMesh249;ArtMesh248;ArtMesh247;ArtMesh218;ArtMesh287;ArtMesh288;ArtMesh292;ArtMesh293;ArtMesh14;ArtMesh20,ArtMesh275;ArtMesh287;ArtMesh288;ArtMesh292;ArtMesh293,
7,look-down,392.8103,0,1,1,0,0,-0.8,0,-15,0,93,262,0,False,ArtMesh123;ArtMesh202;ArtMesh276;ArtMesh275;ArtMesh272;ArtMesh270;ArtMesh269;ArtMesh268;ArtMesh260;ArtMesh259;ArtMesh258;ArtMesh257;ArtMesh255;ArtMesh254;ArtMesh253;ArtMesh252;ArtMesh250;ArtMesh249;ArtMesh248;ArtMesh247;ArtMesh218;ArtMesh287;ArtMesh288;ArtMesh292;ArtMesh293;ArtMesh14;ArtMesh20,ArtMesh275;ArtMesh287;ArtMesh288;ArtMesh292;ArtMesh293,
7,look-center,394.8263,0,1,1,0,0,0,0,0,0,0,262,0,False,ArtMesh123;ArtMesh202;ArtMesh276;ArtMesh275;ArtMesh272;ArtMesh270;ArtMesh269;ArtMesh268;ArtMesh260;ArtMesh259;ArtMesh258;ArtMesh257;ArtMesh255;ArtMesh254;ArtMesh253;ArtMesh252;ArtMesh250;ArtMesh249;ArtMesh248;ArtMesh247;ArtMesh218;ArtMesh287;ArtMesh288;ArtMesh292;ArtMesh293;ArtMesh14;ArtMesh20,ArtMesh275;ArtMesh287;ArtMesh288;ArtMesh292;ArtMesh293,
7,greeting-tapbody-0,397.5260,0,0,0,0,0,0,0,-18.7080727,0,163,262,0,True,ArtMesh123;ArtMesh202;ArtMesh276;ArtMesh275;ArtMesh272;ArtMesh270;ArtMesh269;ArtMesh268;ArtMesh260;ArtMesh259;ArtMesh258;ArtMesh257;ArtMesh255;ArtMesh254;ArtMesh253;ArtMesh252;ArtMesh250;ArtMesh249;ArtMesh248;ArtMesh247;ArtMesh218;ArtMesh287;ArtMesh288;ArtMesh292;ArtMesh293;ArtMesh14;ArtMesh20,ArtMesh275;ArtMesh287;ArtMesh288;ArtMesh292;ArtMesh293,
7,mask-stress-special-01,405.5257,0,1,1,0,-0.2,0.2,-24.2620754,15.6163416,-8.478214,190,262,0,True,ArtMesh160;ArtMesh123;ArtMesh202;ArtMesh276;ArtMesh275;ArtMesh272;ArtMesh270;ArtMesh269;ArtMesh268;ArtMesh260;ArtMesh259;ArtMesh258;ArtMesh257;ArtMesh255;ArtMesh254;ArtMesh253;ArtMesh252;ArtMesh250;ArtMesh249;ArtMesh248;ArtMesh247;ArtMesh218;ArtMesh190;ArtMesh189;ArtMesh287;ArtMesh288;ArtMesh292;ArtMesh293;ArtMesh14;ArtMesh20,ArtMesh160;ArtMesh275;ArtMesh190;ArtMesh189;ArtMesh287;ArtMesh288;ArtMesh292;ArtMesh293,
7,return-idle,412.8254,0,1,1,0,0,0,-0.71834904,-0.8108207,1.84916437,163,262,0,True,ArtMesh123;ArtMesh202;ArtMesh276;ArtMesh275;ArtMesh272;ArtMesh270;ArtMesh269;ArtMesh268;ArtMesh260;ArtMesh259;ArtMesh258;ArtMesh257;ArtMesh255;ArtMesh254;ArtMesh253;ArtMesh252;ArtMesh250;ArtMesh249;ArtMesh248;ArtMesh247;ArtMesh218;ArtMesh287;ArtMesh288;ArtMesh292;ArtMesh293;ArtMesh14;ArtMesh20,ArtMesh275;ArtMesh287;ArtMesh288;ArtMesh292;ArtMesh293,
8,idle,420.8250,0,1,1,0,0,0,-0.718339443,-0.810809135,1.84914374,163,262,0,True,ArtMesh123;ArtMesh202;ArtMesh276;ArtMesh275;ArtMesh272;ArtMesh270;ArtMesh269;ArtMesh268;ArtMesh260;ArtMesh259;ArtMesh258;ArtMesh257;ArtMesh255;ArtMesh254;ArtMesh253;ArtMesh252;ArtMesh250;ArtMesh249;ArtMesh248;ArtMesh247;ArtMesh218;ArtMesh287;ArtMesh288;ArtMesh292;ArtMesh293;ArtMesh14;ArtMesh20,ArtMesh275;ArtMesh287;ArtMesh288;ArtMesh292;ArtMesh293,
8,neutral,426.8248,0,1,1,0,0,0,0,0,0,0,262,0,False,ArtMesh123;ArtMesh202;ArtMesh276;ArtMesh275;ArtMesh272;ArtMesh270;ArtMesh269;ArtMesh268;ArtMesh260;ArtMesh259;ArtMesh258;ArtMesh257;ArtMesh255;ArtMesh254;ArtMesh253;ArtMesh252;ArtMesh250;ArtMesh249;ArtMesh248;ArtMesh247;ArtMesh218;ArtMesh287;ArtMesh288;ArtMesh292;ArtMesh293;ArtMesh14;ArtMesh20,ArtMesh275;ArtMesh287;ArtMesh288;ArtMesh292;ArtMesh293,
8,mouth-open,428.8244,1,1,1,0,0,0,0,0,0,13,262,0,False,ArtMesh123;ArtMesh202;ArtMesh276;ArtMesh275;ArtMesh272;ArtMesh270;ArtMesh269;ArtMesh268;ArtMesh260;ArtMesh259;ArtMesh258;ArtMesh257;ArtMesh255;ArtMesh254;ArtMesh253;ArtMesh252;ArtMesh250;ArtMesh249;ArtMesh248;ArtMesh247;ArtMesh218;ArtMesh287;ArtMesh288;ArtMesh292;ArtMesh293;ArtMesh14;ArtMesh20,ArtMesh275;ArtMesh287;ArtMesh288;ArtMesh292;ArtMesh293,
8,mouth-closed,430.8082,0,1,1,0,0,0,0,0,0,0,262,0,False,ArtMesh123;ArtMesh202;ArtMesh276;ArtMesh275;ArtMesh272;ArtMesh270;ArtMesh269;ArtMesh268;ArtMesh260;ArtMesh259;ArtMesh258;ArtMesh257;ArtMesh255;ArtMesh254;ArtMesh253;ArtMesh252;ArtMesh250;ArtMesh249;ArtMesh248;ArtMesh247;ArtMesh218;ArtMesh287;ArtMesh288;ArtMesh292;ArtMesh293;ArtMesh14;ArtMesh20,ArtMesh275;ArtMesh287;ArtMesh288;ArtMesh292;ArtMesh293,
8,left-eye-closed,432.8076,0,0,1,0,0,0,0,0,0,13,262,0,False,ArtMesh123;ArtMesh202;ArtMesh276;ArtMesh275;ArtMesh272;ArtMesh270;ArtMesh269;ArtMesh268;ArtMesh260;ArtMesh259;ArtMesh258;ArtMesh257;ArtMesh255;ArtMesh254;ArtMesh253;ArtMesh252;ArtMesh250;ArtMesh249;ArtMesh248;ArtMesh247;ArtMesh218;ArtMesh287;ArtMesh288;ArtMesh292;ArtMesh293;ArtMesh14;ArtMesh20,ArtMesh275;ArtMesh287;ArtMesh288;ArtMesh292;ArtMesh293,
8,right-eye-closed,434.8244,0,1,0,0,0,0,0,0,0,13,262,0,False,ArtMesh123;ArtMesh202;ArtMesh276;ArtMesh275;ArtMesh272;ArtMesh270;ArtMesh269;ArtMesh268;ArtMesh260;ArtMesh259;ArtMesh258;ArtMesh257;ArtMesh255;ArtMesh254;ArtMesh253;ArtMesh252;ArtMesh250;ArtMesh249;ArtMesh248;ArtMesh247;ArtMesh218;ArtMesh287;ArtMesh288;ArtMesh292;ArtMesh293;ArtMesh14;ArtMesh20,ArtMesh275;ArtMesh287;ArtMesh288;ArtMesh292;ArtMesh293,
8,both-eyes-closed,436.8077,0,0,0,0,0,0,0,0,0,26,262,0,False,ArtMesh123;ArtMesh202;ArtMesh276;ArtMesh275;ArtMesh272;ArtMesh270;ArtMesh269;ArtMesh268;ArtMesh260;ArtMesh259;ArtMesh258;ArtMesh257;ArtMesh255;ArtMesh254;ArtMesh253;ArtMesh252;ArtMesh250;ArtMesh249;ArtMesh248;ArtMesh247;ArtMesh218;ArtMesh287;ArtMesh288;ArtMesh292;ArtMesh293;ArtMesh14;ArtMesh20,ArtMesh275;ArtMesh287;ArtMesh288;ArtMesh292;ArtMesh293,
8,eyes-open,438.8241,0,1,1,0,0,0,0,0,0,0,262,0,False,ArtMesh123;ArtMesh202;ArtMesh276;ArtMesh275;ArtMesh272;ArtMesh270;ArtMesh269;ArtMesh268;ArtMesh260;ArtMesh259;ArtMesh258;ArtMesh257;ArtMesh255;ArtMesh254;ArtMesh253;ArtMesh252;ArtMesh250;ArtMesh249;ArtMesh248;ArtMesh247;ArtMesh218;ArtMesh287;ArtMesh288;ArtMesh292;ArtMesh293;ArtMesh14;ArtMesh20,ArtMesh275;ArtMesh287;ArtMesh288;ArtMesh292;ArtMesh293,
8,breath-low,440.8243,0,1,1,0,0,0,0,0,0,0,262,0,False,ArtMesh123;ArtMesh202;ArtMesh276;ArtMesh275;ArtMesh272;ArtMesh270;ArtMesh269;ArtMesh268;ArtMesh260;ArtMesh259;ArtMesh258;ArtMesh257;ArtMesh255;ArtMesh254;ArtMesh253;ArtMesh252;ArtMesh250;ArtMesh249;ArtMesh248;ArtMesh247;ArtMesh218;ArtMesh287;ArtMesh288;ArtMesh292;ArtMesh293;ArtMesh14;ArtMesh20,ArtMesh275;ArtMesh287;ArtMesh288;ArtMesh292;ArtMesh293,
8,breath-high,442.8069,0,1,1,1,0,0,0,0,0,156,262,0,False,ArtMesh123;ArtMesh202;ArtMesh276;ArtMesh275;ArtMesh272;ArtMesh270;ArtMesh269;ArtMesh268;ArtMesh260;ArtMesh259;ArtMesh258;ArtMesh257;ArtMesh255;ArtMesh254;ArtMesh253;ArtMesh252;ArtMesh250;ArtMesh249;ArtMesh248;ArtMesh247;ArtMesh218;ArtMesh287;ArtMesh288;ArtMesh292;ArtMesh293;ArtMesh14;ArtMesh20,ArtMesh275;ArtMesh287;ArtMesh288;ArtMesh292;ArtMesh293,
8,breath-wave,444.8237,0,1,1,0.7851815,0,0,0,0,0,156,262,0,False,ArtMesh123;ArtMesh202;ArtMesh276;ArtMesh275;ArtMesh272;ArtMesh270;ArtMesh269;ArtMesh268;ArtMesh260;ArtMesh259;ArtMesh258;ArtMesh257;ArtMesh255;ArtMesh254;ArtMesh253;ArtMesh252;ArtMesh250;ArtMesh249;ArtMesh248;ArtMesh247;ArtMesh218;ArtMesh287;ArtMesh288;ArtMesh292;ArtMesh293;ArtMesh14;ArtMesh20,ArtMesh275;ArtMesh287;ArtMesh288;ArtMesh292;ArtMesh293,
8,look-left,446.8240,0,1,1,0,-0.8,0,-15,0,0,93,262,0,False,ArtMesh123;ArtMesh202;ArtMesh276;ArtMesh275;ArtMesh272;ArtMesh270;ArtMesh269;ArtMesh268;ArtMesh260;ArtMesh259;ArtMesh258;ArtMesh257;ArtMesh255;ArtMesh254;ArtMesh253;ArtMesh252;ArtMesh250;ArtMesh249;ArtMesh248;ArtMesh247;ArtMesh218;ArtMesh287;ArtMesh288;ArtMesh292;ArtMesh293;ArtMesh14;ArtMesh20,ArtMesh275;ArtMesh287;ArtMesh288;ArtMesh292;ArtMesh293,
8,look-right,448.8236,0,1,1,0,0.8,0,15,0,0,93,262,0,False,ArtMesh123;ArtMesh202;ArtMesh276;ArtMesh275;ArtMesh272;ArtMesh270;ArtMesh269;ArtMesh268;ArtMesh260;ArtMesh259;ArtMesh258;ArtMesh257;ArtMesh255;ArtMesh254;ArtMesh253;ArtMesh252;ArtMesh250;ArtMesh249;ArtMesh248;ArtMesh247;ArtMesh218;ArtMesh287;ArtMesh288;ArtMesh292;ArtMesh293;ArtMesh14;ArtMesh20,ArtMesh275;ArtMesh287;ArtMesh288;ArtMesh292;ArtMesh293,
8,look-up,450.8069,0,1,1,0,0,0.8,0,15,0,93,262,0,False,ArtMesh123;ArtMesh202;ArtMesh276;ArtMesh275;ArtMesh272;ArtMesh270;ArtMesh269;ArtMesh268;ArtMesh260;ArtMesh259;ArtMesh258;ArtMesh257;ArtMesh255;ArtMesh254;ArtMesh253;ArtMesh252;ArtMesh250;ArtMesh249;ArtMesh248;ArtMesh247;ArtMesh218;ArtMesh287;ArtMesh288;ArtMesh292;ArtMesh293;ArtMesh14;ArtMesh20,ArtMesh275;ArtMesh287;ArtMesh288;ArtMesh292;ArtMesh293,
8,look-down,452.8232,0,1,1,0,0,-0.8,0,-15,0,93,262,0,False,ArtMesh123;ArtMesh202;ArtMesh276;ArtMesh275;ArtMesh272;ArtMesh270;ArtMesh269;ArtMesh268;ArtMesh260;ArtMesh259;ArtMesh258;ArtMesh257;ArtMesh255;ArtMesh254;ArtMesh253;ArtMesh252;ArtMesh250;ArtMesh249;ArtMesh248;ArtMesh247;ArtMesh218;ArtMesh287;ArtMesh288;ArtMesh292;ArtMesh293;ArtMesh14;ArtMesh20,ArtMesh275;ArtMesh287;ArtMesh288;ArtMesh292;ArtMesh293,
8,look-center,454.8068,0,1,1,0,0,0,0,0,0,0,262,0,False,ArtMesh123;ArtMesh202;ArtMesh276;ArtMesh275;ArtMesh272;ArtMesh270;ArtMesh269;ArtMesh268;ArtMesh260;ArtMesh259;ArtMesh258;ArtMesh257;ArtMesh255;ArtMesh254;ArtMesh253;ArtMesh252;ArtMesh250;ArtMesh249;ArtMesh248;ArtMesh247;ArtMesh218;ArtMesh287;ArtMesh288;ArtMesh292;ArtMesh293;ArtMesh14;ArtMesh20,ArtMesh275;ArtMesh287;ArtMesh288;ArtMesh292;ArtMesh293,
8,greeting-tapbody-0,457.5078,0,0,0,0,0,0,0,-18.3804111,0,163,262,0,True,ArtMesh123;ArtMesh202;ArtMesh276;ArtMesh275;ArtMesh272;ArtMesh270;ArtMesh269;ArtMesh268;ArtMesh260;ArtMesh259;ArtMesh258;ArtMesh257;ArtMesh255;ArtMesh254;ArtMesh253;ArtMesh252;ArtMesh250;ArtMesh249;ArtMesh248;ArtMesh247;ArtMesh218;ArtMesh287;ArtMesh288;ArtMesh292;ArtMesh293;ArtMesh14;ArtMesh20,ArtMesh275;ArtMesh287;ArtMesh288;ArtMesh292;ArtMesh293,
8,mask-stress-special-01,465.5237,0,1,1,0,-0.2,0.2,-24.26239,15.6153154,-8.479145,190,262,0,True,ArtMesh160;ArtMesh123;ArtMesh202;ArtMesh276;ArtMesh275;ArtMesh272;ArtMesh270;ArtMesh269;ArtMesh268;ArtMesh260;ArtMesh259;ArtMesh258;ArtMesh257;ArtMesh255;ArtMesh254;ArtMesh253;ArtMesh252;ArtMesh250;ArtMesh249;ArtMesh248;ArtMesh247;ArtMesh218;ArtMesh190;ArtMesh189;ArtMesh287;ArtMesh288;ArtMesh292;ArtMesh293;ArtMesh14;ArtMesh20,ArtMesh160;ArtMesh275;ArtMesh190;ArtMesh189;ArtMesh287;ArtMesh288;ArtMesh292;ArtMesh293,
8,return-idle,472.8223,0,1,1,0,0,0,-0.718350351,-0.8108223,1.84916759,163,262,0,True,ArtMesh123;ArtMesh202;ArtMesh276;ArtMesh275;ArtMesh272;ArtMesh270;ArtMesh269;ArtMesh268;ArtMesh260;ArtMesh259;ArtMesh258;ArtMesh257;ArtMesh255;ArtMesh254;ArtMesh253;ArtMesh252;ArtMesh250;ArtMesh249;ArtMesh248;ArtMesh247;ArtMesh218;ArtMesh287;ArtMesh288;ArtMesh292;ArtMesh293;ArtMesh14;ArtMesh20,ArtMesh275;ArtMesh287;ArtMesh288;ArtMesh292;ArtMesh293,
9,idle,480.8223,0,1,1,0,0,0,-0.7183621,-0.8108363,1.849193,163,262,0,True,ArtMesh123;ArtMesh202;ArtMesh276;ArtMesh275;ArtMesh272;ArtMesh270;ArtMesh269;ArtMesh268;ArtMesh260;ArtMesh259;ArtMesh258;ArtMesh257;ArtMesh255;ArtMesh254;ArtMesh253;ArtMesh252;ArtMesh250;ArtMesh249;ArtMesh248;ArtMesh247;ArtMesh218;ArtMesh287;ArtMesh288;ArtMesh292;ArtMesh293;ArtMesh14;ArtMesh20,ArtMesh275;ArtMesh287;ArtMesh288;ArtMesh292;ArtMesh293,
9,neutral,486.8221,0,1,1,0,0,0,0,0,0,0,262,0,False,ArtMesh123;ArtMesh202;ArtMesh276;ArtMesh275;ArtMesh272;ArtMesh270;ArtMesh269;ArtMesh268;ArtMesh260;ArtMesh259;ArtMesh258;ArtMesh257;ArtMesh255;ArtMesh254;ArtMesh253;ArtMesh252;ArtMesh250;ArtMesh249;ArtMesh248;ArtMesh247;ArtMesh218;ArtMesh287;ArtMesh288;ArtMesh292;ArtMesh293;ArtMesh14;ArtMesh20,ArtMesh275;ArtMesh287;ArtMesh288;ArtMesh292;ArtMesh293,
9,mouth-open,488.8216,1,1,1,0,0,0,0,0,0,13,262,0,False,ArtMesh123;ArtMesh202;ArtMesh276;ArtMesh275;ArtMesh272;ArtMesh270;ArtMesh269;ArtMesh268;ArtMesh260;ArtMesh259;ArtMesh258;ArtMesh257;ArtMesh255;ArtMesh254;ArtMesh253;ArtMesh252;ArtMesh250;ArtMesh249;ArtMesh248;ArtMesh247;ArtMesh218;ArtMesh287;ArtMesh288;ArtMesh292;ArtMesh293;ArtMesh14;ArtMesh20,ArtMesh275;ArtMesh287;ArtMesh288;ArtMesh292;ArtMesh293,
9,mouth-closed,490.8211,0,1,1,0,0,0,0,0,0,0,262,0,False,ArtMesh123;ArtMesh202;ArtMesh276;ArtMesh275;ArtMesh272;ArtMesh270;ArtMesh269;ArtMesh268;ArtMesh260;ArtMesh259;ArtMesh258;ArtMesh257;ArtMesh255;ArtMesh254;ArtMesh253;ArtMesh252;ArtMesh250;ArtMesh249;ArtMesh248;ArtMesh247;ArtMesh218;ArtMesh287;ArtMesh288;ArtMesh292;ArtMesh293;ArtMesh14;ArtMesh20,ArtMesh275;ArtMesh287;ArtMesh288;ArtMesh292;ArtMesh293,
9,left-eye-closed,492.8048,0,0,1,0,0,0,0,0,0,13,262,0,False,ArtMesh123;ArtMesh202;ArtMesh276;ArtMesh275;ArtMesh272;ArtMesh270;ArtMesh269;ArtMesh268;ArtMesh260;ArtMesh259;ArtMesh258;ArtMesh257;ArtMesh255;ArtMesh254;ArtMesh253;ArtMesh252;ArtMesh250;ArtMesh249;ArtMesh248;ArtMesh247;ArtMesh218;ArtMesh287;ArtMesh288;ArtMesh292;ArtMesh293;ArtMesh14;ArtMesh20,ArtMesh275;ArtMesh287;ArtMesh288;ArtMesh292;ArtMesh293,
9,right-eye-closed,494.8209,0,1,0,0,0,0,0,0,0,13,262,0,False,ArtMesh123;ArtMesh202;ArtMesh276;ArtMesh275;ArtMesh272;ArtMesh270;ArtMesh269;ArtMesh268;ArtMesh260;ArtMesh259;ArtMesh258;ArtMesh257;ArtMesh255;ArtMesh254;ArtMesh253;ArtMesh252;ArtMesh250;ArtMesh249;ArtMesh248;ArtMesh247;ArtMesh218;ArtMesh287;ArtMesh288;ArtMesh292;ArtMesh293;ArtMesh14;ArtMesh20,ArtMesh275;ArtMesh287;ArtMesh288;ArtMesh292;ArtMesh293,
9,both-eyes-closed,496.8211,0,0,0,0,0,0,0,0,0,26,262,0,False,ArtMesh123;ArtMesh202;ArtMesh276;ArtMesh275;ArtMesh272;ArtMesh270;ArtMesh269;ArtMesh268;ArtMesh260;ArtMesh259;ArtMesh258;ArtMesh257;ArtMesh255;ArtMesh254;ArtMesh253;ArtMesh252;ArtMesh250;ArtMesh249;ArtMesh248;ArtMesh247;ArtMesh218;ArtMesh287;ArtMesh288;ArtMesh292;ArtMesh293;ArtMesh14;ArtMesh20,ArtMesh275;ArtMesh287;ArtMesh288;ArtMesh292;ArtMesh293,
9,eyes-open,498.8046,0,1,1,0,0,0,0,0,0,0,262,0,False,ArtMesh123;ArtMesh202;ArtMesh276;ArtMesh275;ArtMesh272;ArtMesh270;ArtMesh269;ArtMesh268;ArtMesh260;ArtMesh259;ArtMesh258;ArtMesh257;ArtMesh255;ArtMesh254;ArtMesh253;ArtMesh252;ArtMesh250;ArtMesh249;ArtMesh248;ArtMesh247;ArtMesh218;ArtMesh287;ArtMesh288;ArtMesh292;ArtMesh293;ArtMesh14;ArtMesh20,ArtMesh275;ArtMesh287;ArtMesh288;ArtMesh292;ArtMesh293,
9,breath-low,500.8212,0,1,1,0,0,0,0,0,0,0,262,0,False,ArtMesh123;ArtMesh202;ArtMesh276;ArtMesh275;ArtMesh272;ArtMesh270;ArtMesh269;ArtMesh268;ArtMesh260;ArtMesh259;ArtMesh258;ArtMesh257;ArtMesh255;ArtMesh254;ArtMesh253;ArtMesh252;ArtMesh250;ArtMesh249;ArtMesh248;ArtMesh247;ArtMesh218;ArtMesh287;ArtMesh288;ArtMesh292;ArtMesh293;ArtMesh14;ArtMesh20,ArtMesh275;ArtMesh287;ArtMesh288;ArtMesh292;ArtMesh293,
9,breath-high,502.8207,0,1,1,1,0,0,0,0,0,156,262,0,False,ArtMesh123;ArtMesh202;ArtMesh276;ArtMesh275;ArtMesh272;ArtMesh270;ArtMesh269;ArtMesh268;ArtMesh260;ArtMesh259;ArtMesh258;ArtMesh257;ArtMesh255;ArtMesh254;ArtMesh253;ArtMesh252;ArtMesh250;ArtMesh249;ArtMesh248;ArtMesh247;ArtMesh218;ArtMesh287;ArtMesh288;ArtMesh292;ArtMesh293;ArtMesh14;ArtMesh20,ArtMesh275;ArtMesh287;ArtMesh288;ArtMesh292;ArtMesh293,
9,breath-wave,504.8205,0,1,1,0.7888534,0,0,0,0,0,156,262,0,False,ArtMesh123;ArtMesh202;ArtMesh276;ArtMesh275;ArtMesh272;ArtMesh270;ArtMesh269;ArtMesh268;ArtMesh260;ArtMesh259;ArtMesh258;ArtMesh257;ArtMesh255;ArtMesh254;ArtMesh253;ArtMesh252;ArtMesh250;ArtMesh249;ArtMesh248;ArtMesh247;ArtMesh218;ArtMesh287;ArtMesh288;ArtMesh292;ArtMesh293;ArtMesh14;ArtMesh20,ArtMesh275;ArtMesh287;ArtMesh288;ArtMesh292;ArtMesh293,
9,look-left,506.8207,0,1,1,0,-0.8,0,-15,0,0,93,262,0,False,ArtMesh123;ArtMesh202;ArtMesh276;ArtMesh275;ArtMesh272;ArtMesh270;ArtMesh269;ArtMesh268;ArtMesh260;ArtMesh259;ArtMesh258;ArtMesh257;ArtMesh255;ArtMesh254;ArtMesh253;ArtMesh252;ArtMesh250;ArtMesh249;ArtMesh248;ArtMesh247;ArtMesh218;ArtMesh287;ArtMesh288;ArtMesh292;ArtMesh293;ArtMesh14;ArtMesh20,ArtMesh275;ArtMesh287;ArtMesh288;ArtMesh292;ArtMesh293,
9,look-right,508.8202,0,1,1,0,0.8,0,15,0,0,93,262,0,False,ArtMesh123;ArtMesh202;ArtMesh276;ArtMesh275;ArtMesh272;ArtMesh270;ArtMesh269;ArtMesh268;ArtMesh260;ArtMesh259;ArtMesh258;ArtMesh257;ArtMesh255;ArtMesh254;ArtMesh253;ArtMesh252;ArtMesh250;ArtMesh249;ArtMesh248;ArtMesh247;ArtMesh218;ArtMesh287;ArtMesh288;ArtMesh292;ArtMesh293;ArtMesh14;ArtMesh20,ArtMesh275;ArtMesh287;ArtMesh288;ArtMesh292;ArtMesh293,
9,look-up,510.8200,0,1,1,0,0,0.8,0,15,0,93,262,0,False,ArtMesh123;ArtMesh202;ArtMesh276;ArtMesh275;ArtMesh272;ArtMesh270;ArtMesh269;ArtMesh268;ArtMesh260;ArtMesh259;ArtMesh258;ArtMesh257;ArtMesh255;ArtMesh254;ArtMesh253;ArtMesh252;ArtMesh250;ArtMesh249;ArtMesh248;ArtMesh247;ArtMesh218;ArtMesh287;ArtMesh288;ArtMesh292;ArtMesh293;ArtMesh14;ArtMesh20,ArtMesh275;ArtMesh287;ArtMesh288;ArtMesh292;ArtMesh293,
9,look-down,512.8036,0,1,1,0,0,-0.8,0,-15,0,93,262,0,False,ArtMesh123;ArtMesh202;ArtMesh276;ArtMesh275;ArtMesh272;ArtMesh270;ArtMesh269;ArtMesh268;ArtMesh260;ArtMesh259;ArtMesh258;ArtMesh257;ArtMesh255;ArtMesh254;ArtMesh253;ArtMesh252;ArtMesh250;ArtMesh249;ArtMesh248;ArtMesh247;ArtMesh218;ArtMesh287;ArtMesh288;ArtMesh292;ArtMesh293;ArtMesh14;ArtMesh20,ArtMesh275;ArtMesh287;ArtMesh288;ArtMesh292;ArtMesh293,
9,look-center,514.8037,0,1,1,0,0,0,0,0,0,0,262,0,False,ArtMesh123;ArtMesh202;ArtMesh276;ArtMesh275;ArtMesh272;ArtMesh270;ArtMesh269;ArtMesh268;ArtMesh260;ArtMesh259;ArtMesh258;ArtMesh257;ArtMesh255;ArtMesh254;ArtMesh253;ArtMesh252;ArtMesh250;ArtMesh249;ArtMesh248;ArtMesh247;ArtMesh218;ArtMesh287;ArtMesh288;ArtMesh292;ArtMesh293;ArtMesh14;ArtMesh20,ArtMesh275;ArtMesh287;ArtMesh288;ArtMesh292;ArtMesh293,
9,greeting-tapbody-0,517.5040,0,0,0,0,0,0,0,-18.3808365,0,163,262,0,True,ArtMesh123;ArtMesh202;ArtMesh276;ArtMesh275;ArtMesh272;ArtMesh270;ArtMesh269;ArtMesh268;ArtMesh260;ArtMesh259;ArtMesh258;ArtMesh257;ArtMesh255;ArtMesh254;ArtMesh253;ArtMesh252;ArtMesh250;ArtMesh249;ArtMesh248;ArtMesh247;ArtMesh218;ArtMesh287;ArtMesh288;ArtMesh292;ArtMesh293;ArtMesh14;ArtMesh20,ArtMesh275;ArtMesh287;ArtMesh288;ArtMesh292;ArtMesh293,
9,mask-stress-special-01,525.5192,0,1,1,0,-0.2,0.2,-24.2623863,15.6153259,-8.47913551,190,262,0,True,ArtMesh160;ArtMesh123;ArtMesh202;ArtMesh276;ArtMesh275;ArtMesh272;ArtMesh270;ArtMesh269;ArtMesh268;ArtMesh260;ArtMesh259;ArtMesh258;ArtMesh257;ArtMesh255;ArtMesh254;ArtMesh253;ArtMesh252;ArtMesh250;ArtMesh249;ArtMesh248;ArtMesh247;ArtMesh218;ArtMesh190;ArtMesh189;ArtMesh287;ArtMesh288;ArtMesh292;ArtMesh293;ArtMesh14;ArtMesh20,ArtMesh160;ArtMesh275;ArtMesh190;ArtMesh189;ArtMesh287;ArtMesh288;ArtMesh292;ArtMesh293,
9,return-idle,532.8027,0,1,1,0,0,0,-0.684037,-0.769792855,1.77432275,163,262,0,True,ArtMesh123;ArtMesh202;ArtMesh276;ArtMesh275;ArtMesh272;ArtMesh270;ArtMesh269;ArtMesh268;ArtMesh260;ArtMesh259;ArtMesh258;ArtMesh257;ArtMesh255;ArtMesh254;ArtMesh253;ArtMesh252;ArtMesh250;ArtMesh249;ArtMesh248;ArtMesh247;ArtMesh218;ArtMesh287;ArtMesh288;ArtMesh292;ArtMesh293;ArtMesh14;ArtMesh20,ArtMesh275;ArtMesh287;ArtMesh288;ArtMesh292;ArtMesh293,
10,idle,540.8217,0,1,1,0,0,0,-0.7183621,-0.8108363,1.849193,163,262,0,True,ArtMesh123;ArtMesh202;ArtMesh276;ArtMesh275;ArtMesh272;ArtMesh270;ArtMesh269;ArtMesh268;ArtMesh260;ArtMesh259;ArtMesh258;ArtMesh257;ArtMesh255;ArtMesh254;ArtMesh253;ArtMesh252;ArtMesh250;ArtMesh249;ArtMesh248;ArtMesh247;ArtMesh218;ArtMesh287;ArtMesh288;ArtMesh292;ArtMesh293;ArtMesh14;ArtMesh20,ArtMesh275;ArtMesh287;ArtMesh288;ArtMesh292;ArtMesh293,
10,neutral,546.8187,0,1,1,0,0,0,0,0,0,0,262,0,False,ArtMesh123;ArtMesh202;ArtMesh276;ArtMesh275;ArtMesh272;ArtMesh270;ArtMesh269;ArtMesh268;ArtMesh260;ArtMesh259;ArtMesh258;ArtMesh257;ArtMesh255;ArtMesh254;ArtMesh253;ArtMesh252;ArtMesh250;ArtMesh249;ArtMesh248;ArtMesh247;ArtMesh218;ArtMesh287;ArtMesh288;ArtMesh292;ArtMesh293;ArtMesh14;ArtMesh20,ArtMesh275;ArtMesh287;ArtMesh288;ArtMesh292;ArtMesh293,
10,mouth-open,548.8029,1,1,1,0,0,0,0,0,0,13,262,0,False,ArtMesh123;ArtMesh202;ArtMesh276;ArtMesh275;ArtMesh272;ArtMesh270;ArtMesh269;ArtMesh268;ArtMesh260;ArtMesh259;ArtMesh258;ArtMesh257;ArtMesh255;ArtMesh254;ArtMesh253;ArtMesh252;ArtMesh250;ArtMesh249;ArtMesh248;ArtMesh247;ArtMesh218;ArtMesh287;ArtMesh288;ArtMesh292;ArtMesh293;ArtMesh14;ArtMesh20,ArtMesh275;ArtMesh287;ArtMesh288;ArtMesh292;ArtMesh293,
10,mouth-closed,550.8021,0,1,1,0,0,0,0,0,0,0,262,0,False,ArtMesh123;ArtMesh202;ArtMesh276;ArtMesh275;ArtMesh272;ArtMesh270;ArtMesh269;ArtMesh268;ArtMesh260;ArtMesh259;ArtMesh258;ArtMesh257;ArtMesh255;ArtMesh254;ArtMesh253;ArtMesh252;ArtMesh250;ArtMesh249;ArtMesh248;ArtMesh247;ArtMesh218;ArtMesh287;ArtMesh288;ArtMesh292;ArtMesh293;ArtMesh14;ArtMesh20,ArtMesh275;ArtMesh287;ArtMesh288;ArtMesh292;ArtMesh293,
10,left-eye-closed,552.8185,0,0,1,0,0,0,0,0,0,13,262,0,False,ArtMesh123;ArtMesh202;ArtMesh276;ArtMesh275;ArtMesh272;ArtMesh270;ArtMesh269;ArtMesh268;ArtMesh260;ArtMesh259;ArtMesh258;ArtMesh257;ArtMesh255;ArtMesh254;ArtMesh253;ArtMesh252;ArtMesh250;ArtMesh249;ArtMesh248;ArtMesh247;ArtMesh218;ArtMesh287;ArtMesh288;ArtMesh292;ArtMesh293;ArtMesh14;ArtMesh20,ArtMesh275;ArtMesh287;ArtMesh288;ArtMesh292;ArtMesh293,
10,right-eye-closed,554.8018,0,1,0,0,0,0,0,0,0,13,262,0,False,ArtMesh123;ArtMesh202;ArtMesh276;ArtMesh275;ArtMesh272;ArtMesh270;ArtMesh269;ArtMesh268;ArtMesh260;ArtMesh259;ArtMesh258;ArtMesh257;ArtMesh255;ArtMesh254;ArtMesh253;ArtMesh252;ArtMesh250;ArtMesh249;ArtMesh248;ArtMesh247;ArtMesh218;ArtMesh287;ArtMesh288;ArtMesh292;ArtMesh293;ArtMesh14;ArtMesh20,ArtMesh275;ArtMesh287;ArtMesh288;ArtMesh292;ArtMesh293,
10,both-eyes-closed,556.8179,0,0,0,0,0,0,0,0,0,26,262,0,False,ArtMesh123;ArtMesh202;ArtMesh276;ArtMesh275;ArtMesh272;ArtMesh270;ArtMesh269;ArtMesh268;ArtMesh260;ArtMesh259;ArtMesh258;ArtMesh257;ArtMesh255;ArtMesh254;ArtMesh253;ArtMesh252;ArtMesh250;ArtMesh249;ArtMesh248;ArtMesh247;ArtMesh218;ArtMesh287;ArtMesh288;ArtMesh292;ArtMesh293;ArtMesh14;ArtMesh20,ArtMesh275;ArtMesh287;ArtMesh288;ArtMesh292;ArtMesh293,
10,eyes-open,558.8178,0,1,1,0,0,0,0,0,0,0,262,0,False,ArtMesh123;ArtMesh202;ArtMesh276;ArtMesh275;ArtMesh272;ArtMesh270;ArtMesh269;ArtMesh268;ArtMesh260;ArtMesh259;ArtMesh258;ArtMesh257;ArtMesh255;ArtMesh254;ArtMesh253;ArtMesh252;ArtMesh250;ArtMesh249;ArtMesh248;ArtMesh247;ArtMesh218;ArtMesh287;ArtMesh288;ArtMesh292;ArtMesh293;ArtMesh14;ArtMesh20,ArtMesh275;ArtMesh287;ArtMesh288;ArtMesh292;ArtMesh293,
10,breath-low,560.8184,0,1,1,0,0,0,0,0,0,0,262,0,False,ArtMesh123;ArtMesh202;ArtMesh276;ArtMesh275;ArtMesh272;ArtMesh270;ArtMesh269;ArtMesh268;ArtMesh260;ArtMesh259;ArtMesh258;ArtMesh257;ArtMesh255;ArtMesh254;ArtMesh253;ArtMesh252;ArtMesh250;ArtMesh249;ArtMesh248;ArtMesh247;ArtMesh218;ArtMesh287;ArtMesh288;ArtMesh292;ArtMesh293;ArtMesh14;ArtMesh20,ArtMesh275;ArtMesh287;ArtMesh288;ArtMesh292;ArtMesh293,
10,breath-high,562.8176,0,1,1,1,0,0,0,0,0,156,262,0,False,ArtMesh123;ArtMesh202;ArtMesh276;ArtMesh275;ArtMesh272;ArtMesh270;ArtMesh269;ArtMesh268;ArtMesh260;ArtMesh259;ArtMesh258;ArtMesh257;ArtMesh255;ArtMesh254;ArtMesh253;ArtMesh252;ArtMesh250;ArtMesh249;ArtMesh248;ArtMesh247;ArtMesh218;ArtMesh287;ArtMesh288;ArtMesh292;ArtMesh293;ArtMesh14;ArtMesh20,ArtMesh275;ArtMesh287;ArtMesh288;ArtMesh292;ArtMesh293,
10,breath-wave,564.8175,0,1,1,0.79265517,0,0,0,0,0,156,262,0,False,ArtMesh123;ArtMesh202;ArtMesh276;ArtMesh275;ArtMesh272;ArtMesh270;ArtMesh269;ArtMesh268;ArtMesh260;ArtMesh259;ArtMesh258;ArtMesh257;ArtMesh255;ArtMesh254;ArtMesh253;ArtMesh252;ArtMesh250;ArtMesh249;ArtMesh248;ArtMesh247;ArtMesh218;ArtMesh287;ArtMesh288;ArtMesh292;ArtMesh293;ArtMesh14;ArtMesh20,ArtMesh275;ArtMesh287;ArtMesh288;ArtMesh292;ArtMesh293,
10,look-left,566.8178,0,1,1,0,-0.8,0,-15,0,0,93,262,0,False,ArtMesh123;ArtMesh202;ArtMesh276;ArtMesh275;ArtMesh272;ArtMesh270;ArtMesh269;ArtMesh268;ArtMesh260;ArtMesh259;ArtMesh258;ArtMesh257;ArtMesh255;ArtMesh254;ArtMesh253;ArtMesh252;ArtMesh250;ArtMesh249;ArtMesh248;ArtMesh247;ArtMesh218;ArtMesh287;ArtMesh288;ArtMesh292;ArtMesh293;ArtMesh14;ArtMesh20,ArtMesh275;ArtMesh287;ArtMesh288;ArtMesh292;ArtMesh293,
10,look-right,568.8018,0,1,1,0,0.8,0,15,0,0,93,262,0,False,ArtMesh123;ArtMesh202;ArtMesh276;ArtMesh275;ArtMesh272;ArtMesh270;ArtMesh269;ArtMesh268;ArtMesh260;ArtMesh259;ArtMesh258;ArtMesh257;ArtMesh255;ArtMesh254;ArtMesh253;ArtMesh252;ArtMesh250;ArtMesh249;ArtMesh248;ArtMesh247;ArtMesh218;ArtMesh287;ArtMesh288;ArtMesh292;ArtMesh293;ArtMesh14;ArtMesh20,ArtMesh275;ArtMesh287;ArtMesh288;ArtMesh292;ArtMesh293,
10,look-up,570.8175,0,1,1,0,0,0.8,0,15,0,93,262,0,False,ArtMesh123;ArtMesh202;ArtMesh276;ArtMesh275;ArtMesh272;ArtMesh270;ArtMesh269;ArtMesh268;ArtMesh260;ArtMesh259;ArtMesh258;ArtMesh257;ArtMesh255;ArtMesh254;ArtMesh253;ArtMesh252;ArtMesh250;ArtMesh249;ArtMesh248;ArtMesh247;ArtMesh218;ArtMesh287;ArtMesh288;ArtMesh292;ArtMesh293;ArtMesh14;ArtMesh20,ArtMesh275;ArtMesh287;ArtMesh288;ArtMesh292;ArtMesh293,
10,look-down,572.8173,0,1,1,0,0,-0.8,0,-15,0,93,262,0,False,ArtMesh123;ArtMesh202;ArtMesh276;ArtMesh275;ArtMesh272;ArtMesh270;ArtMesh269;ArtMesh268;ArtMesh260;ArtMesh259;ArtMesh258;ArtMesh257;ArtMesh255;ArtMesh254;ArtMesh253;ArtMesh252;ArtMesh250;ArtMesh249;ArtMesh248;ArtMesh247;ArtMesh218;ArtMesh287;ArtMesh288;ArtMesh292;ArtMesh293;ArtMesh14;ArtMesh20,ArtMesh275;ArtMesh287;ArtMesh288;ArtMesh292;ArtMesh293,
10,look-center,574.8008,0,1,1,0,0,0,0,0,0,0,262,0,False,ArtMesh123;ArtMesh202;ArtMesh276;ArtMesh275;ArtMesh272;ArtMesh270;ArtMesh269;ArtMesh268;ArtMesh260;ArtMesh259;ArtMesh258;ArtMesh257;ArtMesh255;ArtMesh254;ArtMesh253;ArtMesh252;ArtMesh250;ArtMesh249;ArtMesh248;ArtMesh247;ArtMesh218;ArtMesh287;ArtMesh288;ArtMesh292;ArtMesh293;ArtMesh14;ArtMesh20,ArtMesh275;ArtMesh287;ArtMesh288;ArtMesh292;ArtMesh293,
10,greeting-tapbody-0,577.5005,0,0,0,0,0,0,0,-18.3805256,0,163,262,0,True,ArtMesh123;ArtMesh202;ArtMesh276;ArtMesh275;ArtMesh272;ArtMesh270;ArtMesh269;ArtMesh268;ArtMesh260;ArtMesh259;ArtMesh258;ArtMesh257;ArtMesh255;ArtMesh254;ArtMesh253;ArtMesh252;ArtMesh250;ArtMesh249;ArtMesh248;ArtMesh247;ArtMesh218;ArtMesh287;ArtMesh288;ArtMesh292;ArtMesh293;ArtMesh14;ArtMesh20,ArtMesh275;ArtMesh287;ArtMesh288;ArtMesh292;ArtMesh293,
10,mask-stress-special-01,585.5174,0,1,1,0,-0.2,0.2,-24.2624569,15.615097,-8.479343,190,262,0,True,ArtMesh160;ArtMesh123;ArtMesh202;ArtMesh276;ArtMesh275;ArtMesh272;ArtMesh270;ArtMesh269;ArtMesh268;ArtMesh260;ArtMesh259;ArtMesh258;ArtMesh257;ArtMesh255;ArtMesh254;ArtMesh253;ArtMesh252;ArtMesh250;ArtMesh249;ArtMesh248;ArtMesh247;ArtMesh218;ArtMesh190;ArtMesh189;ArtMesh287;ArtMesh288;ArtMesh292;ArtMesh293;ArtMesh14;ArtMesh20,ArtMesh160;ArtMesh275;ArtMesh190;ArtMesh189;ArtMesh287;ArtMesh288;ArtMesh292;ArtMesh293,
10,return-idle,592.8165,0,1,1,0,0,0,-0.684066236,-0.7698277,1.77438688,163,262,0,True,ArtMesh123;ArtMesh202;ArtMesh276;ArtMesh275;ArtMesh272;ArtMesh270;ArtMesh269;ArtMesh268;ArtMesh260;ArtMesh259;ArtMesh258;ArtMesh257;ArtMesh255;ArtMesh254;ArtMesh253;ArtMesh252;ArtMesh250;ArtMesh249;ArtMesh248;ArtMesh247;ArtMesh218;ArtMesh287;ArtMesh288;ArtMesh292;ArtMesh293;ArtMesh14;ArtMesh20,ArtMesh275;ArtMesh287;ArtMesh288;ArtMesh292;ArtMesh293,
