run,seconds,phase,working_bytes,private_bytes,unity_bytes,motion_playables
b94-final,0.077335,Ready,528785408,779251712,76260312,4
b94-final,5.090808,Ready,554029056,779182080,76128331,4
b94-final,10.094511,Speaking,343441408,566267904,77021391,6
b94-final,15.108703,Speaking,299958272,525672448,77066200,6
b94-final,20.110177,Speaking,306376704,530690048,77297285,6
b94-final,25.111573,Speaking,298229760,521637888,77440815,6
b94-final,30.111991,Speaking,299499520,521596928,77571188,6
b94-final,35.112828,Speaking,299896832,521596928,77702317,6
b94-final,40.114067,Speaking,296439808,517529600,77931152,6
b94-final,45.114538,Speaking,296460288,517533696,78061526,6
b94-final,50.115905,Speaking,314118144,534601728,78492688,6
b94-final,55.117053,Ready,315256832,534376448,77723327,6
b94-final,60.11758,Ready,298266624,517304320,77724150,6
b94-final,65.117854,Ready,298205184,515186688,77723423,6
b94-final,70.119187,Ready,298127360,514101248,77723197,6
b94-final,75.135083,Ready,298131456,514101248,77723750,6
b94-final,80.135589,Ready,298070016,513044480,77722279,6
b94-final,85.136302,Ready,297906176,509865984,77720645,6
b94-final,90.138311,Ready,297910272,509870080,77720527,6
b94-final,95.139944,Ready,297914368,509870080,77720843,6
b94-final,100.140678,Ready,297963520,513044480,77722867,6
b94-final,105.141428,Ready,297930752,510926848,77721541,6
b94-final,110.141959,Ready,297971712,513044480,77722671,6
b94-final,115.142229,Ready,297979904,513048576,77723595,6
b94-final,120.142424,Ready,297975808,513019904,77723142,6
b94-final,125.143314,Ready,297992192,513019904,77723231,6
b94-final,130.144167,Ready,297992192,513019904,77723500,6
b94-final,135.144249,Ready,297979904,512991232,77723588,6
b94-final,140.14451,Ready,297979904,512991232,77723431,6
b94-final,145.144633,Ready,297979904,512991232,77723614,6
b94-final,150.145304,Ready,297979904,512991232,77723930,6
b94-final,155.145661,Ready,298037248,515104768,77725084,6
b94-final,160.14704,Ready,298004480,512995328,77723775,6
b94-final,165.147772,Ready,297988096,511938560,77723215,6
b94-final,170.147952,Ready,297988096,511938560,77723413,6
b94-final,175.149231,Ready,297943040,510881792,77722749,6
b94-final,180.150599,Ready,297943040,510881792,77722631,6
b94-final,185.151626,Ready,297943040,510881792,77722631,6
b94-final,190.15289,Ready,297922560,509820928,77722062,6
b94-final,195.154467,Ready,297922560,509820928,77722339,6
b94-final,200.15483,Ready,297926656,509820928,77722260,6
b94-final,205.155257,Ready,297926656,509820928,77722356,6
b94-final,210.155688,Ready,297926656,509820928,77722435,6
b94-final,215.156846,Ready,297926656,509820928,77722198,6
b94-final,220.158567,Ready,297926656,509820928,77722142,6
b94-final,225.159577,Ready,297926656,509820928,77722340,6
b94-final,230.160341,Ready,297926656,509820928,77722340,6
b94-final,235.161098,Ready,297926656,509820928,77722309,6
b94-final,240.161879,Ready,297926656,509820928,77722783,6
b94-final,245.162374,Ready,297926656,509820928,77722191,6
b94-final,250.163643,Ready,297926656,509820928,77722341,6
b94-final,255.163929,Ready,298012672,512995328,77724387,6
b94-final,260.164968,Ready,297947136,510881792,77722902,6
b94-final,265.166358,Ready,297947136,510881792,77722918,6
b94-final,270.168244,Ready,297947136,510881792,77722997,6
b94-final,275.168537,Ready,297947136,510881792,77722918,6
b94-final,280.168881,Ready,297947136,510881792,77723290,6
b94-final,285.169471,Ready,297947136,510881792,77723369,6
b94-final,290.171396,Ready,297951232,510881792,77722975,6
b94-final,295.171855,Ready,297951232,510881792,77723077,6
b94-final,300.172288,Ready,298160128,510943232,77722919,6
b94-final,305.1729,Ready,298160128,510943232,77723078,6
b94-final,310.174374,Ready,298160128,510943232,77723228,6
b94-final,315.174586,Ready,298127360,509857792,77722509,6
b94-final,320.175138,Ready,298127360,509857792,77722588,6
b94-final,325.175388,Ready,298127360,509857792,77722383,6
b94-final,330.175849,Ready,298127360,509857792,77722541,6
b94-final,335.177047,Ready,298127360,509857792,77722620,6
b94-final,340.178531,Ready,298127360,509857792,77722747,6
b94-final,345.178855,Ready,298127360,509857792,77722431,6
b94-final,350.179062,Ready,298127360,509857792,77722510,6
b94-final,355.17943,Ready,298127360,509857792,77722557,6
b94-final,360.179743,Ready,298233856,509861888,77722636,6
b94-final,365.180658,Ready,298233856,509861888,77722439,6
b94-final,370.181876,Ready,298233856,509861888,77722795,6
b94-final,375.182923,Ready,298233856,509861888,77723427,6
b94-final,380.184048,Ready,298233856,509861888,77722795,6
b94-final,385.184315,Ready,298233856,509861888,77722613,6
b94-final,390.184514,Ready,298233856,509861888,77722583,6
b94-final,395.185885,Ready,298233856,509861888,77722662,6
b94-final,400.186692,Ready,298201088,509796352,77723208,6
b94-final,405.188325,Ready,298201088,509796352,77722971,6
b94-final,410.188639,Ready,298201088,509796352,77722655,6
b94-final,415.190771,Ready,298201088,509796352,77722782,6
b94-final,420.19147,Ready,298201088,509796352,77723098,6
b94-final,425.192563,Ready,298201088,509796352,77722861,6
b94-final,430.193822,Ready,298201088,509796352,77723177,6
b94-final,435.194551,Ready,298201088,509796352,77723335,6
b94-final,440.195231,Ready,298201088,509796352,77722703,6
b94-final,445.195801,Ready,298201088,509796352,77722971,6
b94-final,450.196875,Ready,298201088,509796352,77722813,6
b94-final,455.197838,Ready,298201088,509796352,77723208,6
b94-final,460.198067,Ready,298201088,509796352,77722671,6
b94-final,465.198505,Ready,298201088,509796352,77722908,6
b94-final,470.19937,Ready,298196992,509792256,77722829,6
b94-final,475.200188,Ready,298196992,509792256,77723263,6
b94-final,480.201915,Ready,298196992,509792256,77722710,6
b94-final,485.203161,Ready,298196992,509792256,77722868,6
b94-final,490.204653,Ready,298196992,509792256,77723399,6
b94-final,495.204829,Ready,298196992,509792256,77722767,6
b94-final,500.206407,Ready,298196992,509792256,77723044,6
b94-final,505.208195,Ready,298196992,509792256,77722893,6
b94-final,510.208326,Ready,298196992,509792256,77722735,6
b94-final,515.209713,Ready,298196992,509792256,77722735,6
b94-final,520.210505,Ready,298196992,509792256,77723202,6
b94-final,525.211487,Ready,298196992,509792256,77722886,6
b94-final,530.213106,Ready,298196992,509792256,77723202,6
b94-final,535.215506,Ready,298201088,509792256,77723109,6
b94-final,540.216003,Ready,298201088,509792256,77723267,6
b94-final,545.217648,Ready,298201088,509792256,77722951,6
b94-final,550.218377,Ready,298201088,509792256,77723323,6
b94-final,555.219377,Ready,298201088,509792256,77723244,6
b94-final,560.221241,Ready,298201088,509792256,77723244,6
b94-final,565.222584,Ready,298201088,509792256,77722975,6
b94-final,570.223932,Ready,298201088,509792256,77723054,6
b94-final,575.225057,Ready,298201088,509792256,77722975,6
b94-final,580.225699,Ready,298201088,509792256,77722847,6
b94-final,585.226033,Ready,298201088,509792256,77723084,6
b94-final,590.226844,Ready,298201088,509792256,77723005,6
b94-final,595.228474,Ready,298201088,509792256,77722911,6
e3fd-shots,0.076481,Ready,529252352,782376960,76179475,
e3fd-shots,5.089435,Ready,546476032,778620928,76134802,
e3fd-shots,10.092734,Speaking,339369984,568537088,77027397,
e3fd-shots,15.107241,PreparingSpeech,293138432,525389824,76298989,
e3fd-shots,20.108306,Speaking,299360256,530427904,77303315,
e3fd-shots,25.10959,Speaking,292786176,522240000,77447298,
e3fd-shots,30.109741,Speaking,293257216,522199040,77577650,
e3fd-shots,35.111128,Speaking,290357248,518135808,77708118,
e3fd-shots,40.111238,Speaking,290365440,518135808,77936566,
e3fd-shots,45.111592,Speaking,291164160,518135808,78067993,
e3fd-shots,50.112127,Ready,308772864,535273472,77706673,
e3fd-shots,55.112964,Ready,291815424,517275648,77706457,
e3fd-shots,60.113823,Ready,291762176,517177344,77707353,
e3fd-shots,65.115112,Ready,291774464,517185536,77708273,
e3fd-shots,70.128308,Ready,300756992,525533184,77719793,
e3fd-shots,75.128491,Ready,292139008,515903488,77719432,
e3fd-shots,80.129317,Ready,292044800,513781760,77718451,
e3fd-shots,85.129746,Ready,292044800,513781760,77732321,
e3fd-shots,90.130745,Ready,291995648,512724992,77731817,
e3fd-shots,95.131538,Ready,291995648,512724992,77731937,
e3fd-shots,100.132341,Ready,291897344,512716800,77742753,
e3fd-shots,105.134155,Ready,291856384,510603264,77741737,
e3fd-shots,110.134946,Ready,291893248,512716800,77743238,
e3fd-shots,115.134977,Ready,291893248,512716800,77753913,
e3fd-shots,120.135681,Ready,291893248,512688128,77753992,
e3fd-shots,125.13612,Ready,291897344,512688128,77753993,
e3fd-shots,130.137391,Ready,291897344,512688128,77764976,
e3fd-shots,135.138614,Ready,291872768,512634880,77765065,
e3fd-shots,140.139013,Ready,291889152,512663552,77765065,
e3fd-shots,145.140374,Ready,291889152,512663552,77782793,
e3fd-shots,150.141567,Ready,291958784,514777088,77784199,
e3fd-shots,155.142176,Ready,291921920,512663552,77783426,
e3fd-shots,160.14261,Ready,291921920,512663552,77793657,
e3fd-shots,165.14416,Ready,291921920,512663552,77794290,
e3fd-shots,170.144676,Ready,291860480,510550016,77792790,
e3fd-shots,175.145703,Ready,291872768,510578688,77803345,
e3fd-shots,180.14813,Ready,291872768,510578688,77803464,
e3fd-shots,185.148625,Ready,291872768,510578688,77803899,
e3fd-shots,190.148982,Ready,291872768,510578688,77814209,
e3fd-shots,195.149365,Ready,291856384,509521920,77813806,
e3fd-shots,200.149492,Ready,291856384,509521920,77813569,
e3fd-shots,205.149697,Ready,291856384,509521920,77824321,
e3fd-shots,210.150523,Ready,291856384,509521920,77824321,
e3fd-shots,215.151265,Ready,291856384,509521920,77824599,
e3fd-shots,220.151864,Ready,291860480,509526016,77835201,
e3fd-shots,225.152354,Ready,291860480,509526016,77835517,
e3fd-shots,230.153146,Ready,291860480,509526016,77835241,
e3fd-shots,235.153934,Ready,291860480,509526016,77846121,
e3fd-shots,240.157158,Ready,291860480,509526016,77846240,
e3fd-shots,245.159704,Ready,291860480,509526016,77846477,
e3fd-shots,250.160439,Ready,291950592,512696320,77858927,
e3fd-shots,255.161032,Ready,291885056,510582784,77858059,
e3fd-shots,260.162038,Ready,291885056,510582784,77857901,
e3fd-shots,265.162595,Ready,291950592,510582784,77882321,
e3fd-shots,270.163941,Ready,291950592,510582784,77882321,
e3fd-shots,275.165295,Ready,291950592,510582784,77882400,
e3fd-shots,280.166647,Ready,291950592,510582784,77893289,
e3fd-shots,285.167315,Ready,291950592,510582784,77893289,
e3fd-shots,290.168318,Ready,291954688,510582784,77893536,
e3fd-shots,295.16923,Ready,291954688,510582784,77904344,
e3fd-shots,300.170294,Ready,292139008,510615552,77904502,
e3fd-shots,305.170703,Ready,292139008,510615552,77904344,
e3fd-shots,310.172442,Ready,292122624,509558784,77914361,
e3fd-shots,315.172923,Ready,292122624,509558784,77914361,
e3fd-shots,320.173691,Ready,292122624,509558784,77914440,
e3fd-shots,325.175018,Ready,292122624,509558784,77925153,
e3fd-shots,330.175252,Ready,292122624,509558784,77925272,
e3fd-shots,335.175734,Ready,292126720,509562880,77925351,
e3fd-shots,340.176212,Ready,292126720,509562880,77936308,
e3fd-shots,345.176879,Ready,292130816,509562880,77936278,
e3fd-shots,350.177648,Ready,292114432,509534208,77936041,
e3fd-shots,355.17928,Ready,292114432,509534208,77947188,
e3fd-shots,360.179906,Ready,292216832,509534208,77946833,
e3fd-shots,365.181612,Ready,292216832,509534208,77946952,
e3fd-shots,370.182325,Ready,292220928,509534208,77957785,
e3fd-shots,375.182743,Ready,292220928,509534208,77957785,
e3fd-shots,380.18328,Ready,292220928,509534208,77958260,
e3fd-shots,385.184471,Ready,292220928,509534208,77968657,
e3fd-shots,390.184873,Ready,292220928,509534208,77968697,
e3fd-shots,395.186015,Ready,292220928,509534208,77968737,
e3fd-shots,400.187372,Ready,292188160,509472768,77979576,
e3fd-shots,405.188509,Ready,292188160,509472768,77979655,
e3fd-shots,410.189385,Ready,292188160,509472768,77979734,
e3fd-shots,415.190332,Ready,292188160,509472768,77990289,
e3fd-shots,420.191557,Ready,292188160,509472768,77990605,
e3fd-shots,425.1926,Ready,292188160,509472768,77990882,
e3fd-shots,430.194177,Ready,292188160,509472768,78001153,
e3fd-shots,435.194531,Ready,292188160,509472768,78001153,
e3fd-shots,440.195018,Ready,292192256,509472768,78001321,
e3fd-shots,445.195792,Ready,292192256,509472768,78012073,
e3fd-shots,450.207765,Ready,292192256,509472768,78012073,
e3fd-shots,455.208584,Ready,292192256,509472768,78012081,
e3fd-shots,460.208875,Ready,292192256,509472768,78022841,
e3fd-shots,465.209787,Ready,292192256,509472768,78022841,
e3fd-shots,470.210238,Ready,292192256,509472768,78023078,
e3fd-shots,475.210643,Ready,292192256,509472768,78033593,
e3fd-shots,480.211662,Ready,292192256,509472768,78033593,
e3fd-shots,485.212901,Ready,292192256,509472768,78034304,
e3fd-shots,490.214674,Ready,292192256,509472768,78095305,
e3fd-shots,495.215048,Ready,292192256,509472768,78094752,
e3fd-shots,500.216312,Ready,292077568,509472768,78094673,
e3fd-shots,505.216889,Ready,291852288,509472768,78133329,
e3fd-shots,510.217713,Ready,291852288,509472768,78133329,
e3fd-shots,515.218293,Ready,291852288,509472768,78133527,
e3fd-shots,520.218737,Ready,291852288,509472768,78144633,
e3fd-shots,525.21907,Ready,291852288,509472768,78144633,
e3fd-shots,530.219523,Ready,291852288,509472768,78144633,
e3fd-shots,535.220587,Ready,291852288,509472768,78155657,
e3fd-shots,540.221679,Ready,291852288,509472768,78155657,
e3fd-shots,545.222145,Ready,291852288,509472768,78155657,
e3fd-shots,550.222316,Ready,291852288,509472768,78166633,
e3fd-shots,555.222478,Ready,291852288,509472768,78166633,
e3fd-shots,560.223205,Ready,291852288,509472768,78166712,
e3fd-shots,565.224836,Ready,291856384,509472768,78177577,
e3fd-shots,570.225466,Ready,291856384,509472768,78177705,
e3fd-shots,575.226055,Ready,291856384,509472768,78177784,
e3fd-shots,580.226865,Ready,291856384,509472768,78188696,
e3fd-shots,585.22879,Ready,291856384,509472768,78188696,
e3fd-shots,590.229684,Ready,291856384,509472768,78188617,
e3fd-shots,595.229958,Ready,291856384,509472768,78199601,
e3fd-no-shots,0.079246,Ready,534896640,782090240,76271037,
e3fd-no-shots,5.095745,Ready,534999040,769695744,76134481,
e3fd-no-shots,10.097501,Speaking,326832128,561803264,77027108,
e3fd-no-shots,15.098796,PreparingSpeech,278511616,512139264,77072036,
e3fd-no-shots,20.100001,Speaking,284082176,516259840,77302396,
e3fd-no-shots,25.101376,Speaking,286248960,521637888,77447618,
e3fd-no-shots,30.102966,Speaking,287105024,521596928,77578192,
e3fd-no-shots,35.103397,Speaking,287956992,521596928,77709061,
e3fd-no-shots,40.104179,Speaking,283967488,517529600,77936857,
e3fd-no-shots,45.104822,Speaking,285442048,517529600,78067457,
e3fd-no-shots,50.10495,Speaking,302616576,534765568,78497860,
e3fd-no-shots,55.107254,Ready,301285376,533397504,77735947,
e3fd-no-shots,60.1082,Ready,288776192,520826880,77736869,
e3fd-no-shots,65.109236,Ready,288751616,519741440,77736067,
e3fd-no-shots,70.110549,Ready,288595968,516571136,77749120,
e3fd-no-shots,75.111471,Ready,288464896,514449408,77748607,
e3fd-no-shots,80.112433,Ready,288419840,513392640,77747730,
e3fd-no-shots,85.114248,Ready,288362496,512335872,77758504,
e3fd-no-shots,90.115217,Ready,288378880,512335872,77758715,
e3fd-no-shots,95.116624,Ready,288378880,512335872,77759506,
e3fd-no-shots,100.117598,Ready,288436224,515510272,77772363,
e3fd-no-shots,105.117951,Ready,288395264,513396736,77771155,
e3fd-no-shots,110.119672,Ready,288436224,515510272,77772482,
e3fd-no-shots,115.12267,Ready,288436224,515510272,77783234,
e3fd-no-shots,120.1236,Ready,288428032,515485696,77783392,
e3fd-no-shots,125.124233,Ready,288428032,515485696,77783235,
e3fd-no-shots,130.125068,Ready,288432128,515485696,77800971,
e3fd-no-shots,135.126065,Ready,288419840,515457024,77801051,
e3fd-no-shots,140.127093,Ready,288432128,515485696,77801525,
e3fd-no-shots,145.128742,Ready,288432128,515485696,77811963,
e3fd-no-shots,150.130273,Ready,288436224,515485696,77812240,
e3fd-no-shots,155.130602,Ready,288526336,517599232,77813720,
e3fd-no-shots,160.130891,Ready,288489472,515485696,77823185,
e3fd-no-shots,165.131312,Ready,288473088,514428928,77822515,
e3fd-no-shots,170.131439,Ready,288473088,514428928,77822555,
e3fd-no-shots,175.131847,Ready,288428032,513372160,77832683,
e3fd-no-shots,180.132597,Ready,288428032,513372160,77832723,
e3fd-no-shots,185.133001,Ready,288428032,513372160,77833039,
e3fd-no-shots,190.133857,Ready,288403456,512311296,77842859,
e3fd-no-shots,195.134106,Ready,288403456,512311296,77842899,
e3fd-no-shots,200.134978,Ready,288403456,512311296,77842947,
e3fd-no-shots,205.137107,Ready,288403456,512311296,77853699,
e3fd-no-shots,210.13845,Ready,288403456,512311296,77854015,
e3fd-no-shots,215.139628,Ready,288403456,512311296,77853778,
e3fd-no-shots,220.14065,Ready,288403456,512311296,77864483,
e3fd-no-shots,225.141274,Ready,288403456,512311296,77864642,
e3fd-no-shots,230.14195,Ready,288403456,512311296,77864721,
e3fd-no-shots,235.143361,Ready,288403456,512311296,77875592,
e3fd-no-shots,240.144133,Ready,288407552,512315392,77875672,
e3fd-no-shots,245.145929,Ready,288407552,512315392,77875514,
e3fd-no-shots,250.148098,Ready,288473088,512315392,77900139,
e3fd-no-shots,255.149327,Ready,288571392,515489792,77901979,
e3fd-no-shots,260.150587,Ready,288505856,513376256,77900731,
e3fd-no-shots,265.151292,Ready,288485376,513318912,77911864,
e3fd-no-shots,270.152204,Ready,288485376,513318912,77911667,
e3fd-no-shots,275.153743,Ready,288485376,513318912,77911746,
e3fd-no-shots,280.154544,Ready,288485376,513318912,77922530,
e3fd-no-shots,285.154994,Ready,288501760,513347584,77922728,
e3fd-no-shots,290.155968,Ready,288501760,513347584,77922531,
e3fd-no-shots,295.156947,Ready,288501760,513347584,77933520,
e3fd-no-shots,300.157212,Ready,288702464,513409024,77933283,
e3fd-no-shots,305.157907,Ready,288702464,513409024,77933323,
e3fd-no-shots,310.158147,Ready,288702464,513409024,77944083,
e3fd-no-shots,315.158818,Ready,288669696,512323584,77943847,
e3fd-no-shots,320.160244,Ready,288669696,512323584,77943610,
e3fd-no-shots,325.161368,Ready,288673792,512323584,77954363,
e3fd-no-shots,330.162447,Ready,288673792,512323584,77954680,
e3fd-no-shots,335.16357,Ready,288673792,512323584,77954483,
e3fd-no-shots,340.16442,Ready,288673792,512323584,77965267,
e3fd-no-shots,345.164807,Ready,288673792,512323584,77965504,
e3fd-no-shots,350.165359,Ready,288673792,512323584,77965267,
e3fd-no-shots,355.166551,Ready,288673792,512323584,77976256,
e3fd-no-shots,360.16712,Ready,288780288,512327680,77976178,
e3fd-no-shots,365.168595,Ready,288784384,512331776,77976099,
e3fd-no-shots,370.169426,Ready,288645120,512331776,77987056,
e3fd-no-shots,375.170496,Ready,288620544,512331776,77986819,
e3fd-no-shots,380.171537,Ready,288620544,512331776,77986859,
e3fd-no-shots,385.173067,Ready,288620544,512331776,77998243,
e3fd-no-shots,390.173885,Ready,288620544,512331776,77998085,
e3fd-no-shots,395.174772,Ready,288620544,512331776,77997651,
e3fd-no-shots,400.175969,Ready,288583680,512266240,78008633,
e3fd-no-shots,405.176516,Ready,288583680,512266240,78008475,
e3fd-no-shots,410.177024,Ready,288583680,512266240,78008475,
e3fd-no-shots,415.177975,Ready,288583680,512266240,78020067,
e3fd-no-shots,420.189732,Ready,288591872,512274432,78019672,
e3fd-no-shots,425.190585,Ready,288591872,512274432,78019435,
e3fd-no-shots,430.191348,Ready,288591872,512274432,78030392,
e3fd-no-shots,435.19174,Ready,288591872,512274432,78030155,
e3fd-no-shots,440.192134,Ready,288591872,512274432,78030155,
e3fd-no-shots,445.19289,Ready,288591872,512274432,78040907,
e3fd-no-shots,450.193615,Ready,288591872,512274432,78041223,
e3fd-no-shots,455.201557,Ready,288649216,512274432,78091011,
e3fd-no-shots,460.202037,Ready,288649216,512274432,78101843,
e3fd-no-shots,465.203319,Ready,288649216,512274432,78101922,
e3fd-no-shots,470.204127,Ready,288649216,512274432,78102080,
e3fd-no-shots,475.204684,Ready,288649216,512274432,78112723,
e3fd-no-shots,480.205303,Ready,288534528,512274432,78113434,
e3fd-no-shots,485.205711,Ready,288374784,512274432,78112881,
e3fd-no-shots,490.207525,Ready,288440320,512274432,78151600,
e3fd-no-shots,495.209199,Ready,288440320,512274432,78151363,
e3fd-no-shots,500.210337,Ready,288440320,512274432,78151363,
e3fd-no-shots,505.210791,Ready,288440320,512274432,78162714,
e3fd-no-shots,510.211083,Ready,288440320,512274432,78162635,
e3fd-no-shots,515.211438,Ready,288440320,512274432,78162714,
e3fd-no-shots,520.211478,Ready,288440320,512274432,78173515,
e3fd-no-shots,525.211643,Ready,288440320,512274432,78173515,
e3fd-no-shots,530.213491,Ready,288440320,512274432,78173515,
e3fd-no-shots,535.21459,Ready,288423936,512241664,78184570,
e3fd-no-shots,540.215901,Ready,288423936,512241664,78184491,
e3fd-no-shots,545.217032,Ready,288423936,512241664,78184491,
e3fd-no-shots,550.217456,Ready,288423936,512241664,78195593,
e3fd-no-shots,555.218156,Ready,288436224,512270336,78195593,
e3fd-no-shots,560.218828,Ready,288436224,512270336,78195435,
e3fd-no-shots,565.219548,Ready,288436224,512270336,78206451,
e3fd-no-shots,570.220645,Ready,288436224,512270336,78206451,
e3fd-no-shots,575.221419,Ready,288436224,512270336,78206846,
e3fd-no-shots,580.221737,Ready,288436224,512270336,78217403,
e3fd-no-shots,585.222312,Ready,288436224,512270336,78217403,
e3fd-no-shots,590.223566,Ready,288436224,512270336,78217403,
e3fd-no-shots,595.22451,Ready,288305152,512270336,78228639,
